"0","##REalizamos la carga de datos"
"0","datos <- read.csv('EGT2010_2017.csv')"
"0","str(datos)"
"1","'data.frame':	"
"1","308081"
"1"," obs. of  "
"1","151"
"1"," variable"
"1","s"
"1",":"
"1","
"
"1"," "
"1","$ "
"1","X.1                           "
"1",":"
"1"," int  "
"1","1 2 3 4 5 6 7 8 9 10"
"1"," ..."
"1","
"
"1"," "
"1","$ "
"1","X                             "
"1",":"
"1"," int  "
"1","1 2 3 4 5 6 7 8 9 10"
"1"," ..."
"1","
"
"1"," "
"1","$ "
"1","ID                            "
"1",":"
"1"," int  "
"1","1 2 3 4 5 6 7 8 9 10"
"1"," ..."
"1","
"
"1"," "
"1","$ "
"1","AEROPUERTO                    "
"1",":"
"1"," Factor w/ 6 levels ""ACE"",""FUE"",""LPA"",..: "
"1","1 1 1 1 1 1 1 1 1 1"
"1"," ..."
"1","
"
"1"," "
"1","$ "
"1","PAIS_RESIDENCIA               "
"1",":"
"1"," Factor w/ 22 levels "" Luxemburgo"",..: "
"1","16 21 7 7 7 7 7 7 7 3"
"1"," ..."
"1","
"
"1"," "
"1","$ "
"1","PAIS_RESID_AGRUP              "
"1",":"
"1"," Factor w/ 4 levels ""Alemania"",""España"",..: "
"1","3 3 2 2 2 2 2 2 2 1"
"1"," ..."
"1","
"
"1"," "
"1","$ "
"1","PRINCIPAL_MOTIVO_ESTANCIA     "
"1",":"
"1"," Factor w/ 7 levels "" "",""Congresos, ferias, seminarios"",..: "
"1","7 7 7 7 7 7 7 7 7 7"
"1"," ..."
"1","
"
"1"," "
"1","$ "
"1","ASPECTO_ELECCION_1            "
"1",":"
"1"," Factor w/ 23 levels ""Actividades Náuticas"",..: "
"1","4 4 4 6 4 4 4 4 4 4"
"1"," ..."
"1","
"
"1"," "
"1","$ "
"1","ASPECTO_ELECCION_2            "
"1",":"
"1"," Factor w/ 21 levels ""Actividades Náuticas"",..: "
"1","19 19 NA NA 19 13 19 19 13 12"
"1"," ..."
"1","
"
"1"," "
"1","$ "
"1","ASPECTO_ELECCION_3            "
"1",":"
"1"," Factor w/ 20 levels ""Actividades Náuticas"",..: "
"1","5 20 NA NA 5 8 4 1 18 NA"
"1"," ..."
"1","
"
"1"," "
"1","$ "
"1","MOTIVO_ELECCION_CANARIAS      "
"1",":"
"1"," Factor w/ 11 levels ""A Través De Otros Canales De Tv O Radio"",..: "
"1","10 5 11 5 5 5 5 5 5 8"
"1"," ..."
"1","
"
"1"," "
"1","$ "
"1","MOTIVO_ELECCION_CANARIAS_2    "
"1",":"
"1"," Factor w/ 10 levels ""A Través De Otros Canales De Tv O Radio"",..: "
"1","5 9 NA 10 10 5 NA NA 10 NA"
"1"," ..."
"1","
"
"1"," "
"1","$ "
"1","FORMULA_RESERVA_TRANSP        "
"1",":"
"1"," Factor w/ 5 levels ""A La Compañía Aérea"",..: "
"1","2 2 3 3 3 3 2 2 3 1"
"1"," ..."
"1","
"
"1"," "
"1","$ "
"1","MEDIO_COMPRA_TOUROPER_VUELO   "
"1",":"
"1"," Factor w/ 3 levels ""A Través De La Tv"",..: "
"1","2 NA NA NA NA NA NA NA NA NA"
"1"," ..."
"1","
"
"1"," "
"1","$ "
"1","MEDIO_COMPRA_DIRECTA_VUELO    "
"1",":"
"1"," Factor w/ 3 levels ""A Través De La Tv"",..: "
"1","NA NA NA NA NA NA NA NA NA 2"
"1"," ..."
"1","
"
"1"," "
"1","$ "
"1","FORMULA_RESERVA_ALOJ          "
"1",":"
"1"," Factor w/ 6 levels ""5"",""6"",""A través de la TV"",..: "
"1","6 4 3 3 3 3 6 6 3 2"
"1"," ..."
"1","
"
"1"," "
"1","$ "
"1","MEDIO_COMPRA_TOUROPER_ALOJ    "
"1",":"
"1"," Factor w/ 3 levels ""A Través De La Tv"",..: "
"1","2 NA NA NA NA NA 3 3 NA NA"
"1"," ..."
"1","
"
"1"," "
"1","$ "
"1","MEDIO_COMPRA_DIRECTA_ALOJ     "
"1",":"
"1"," int  "
"1","NA NA NA NA NA NA NA NA NA NA"
"1"," ..."
"1","
"
"1"," "
"1","$ "
"1","ANTELACION_RESERVA_VIAJE      "
"1",":"
"1"," Factor w/ 7 levels ""de 16 a 30 días"",..: "
"1","2 1 6 3 6 3 1 3 3 6"
"1"," ..."
"1","
"
"1"," "
"1","$ "
"1","LINEA_BAJO_COSTE_SN           "
"1",":"
"1"," Factor w/ 2 levels ""No"",""Sí"": "
"1","1 1 1 2 1 2 1 1 NA 2"
"1"," ..."
"1","
"
"1"," "
"1","$ "
"1","NOCHES_PERNOCTADAS            "
"1",":"
"1"," int  "
"1","7 7 14 14 14 14 12 12 7 7"
"1"," ..."
"1","
"
"1"," "
"1","$ "
"1","ALOJ_CATEG_1                  "
"1",":"
"1"," Factor w/ 6 levels ""Extrahoteleros"",..: "
"1","2 1 2 4 2 4 3 4 4 6"
"1"," ..."
"1","
"
"1"," "
"1","$ "
"1","ISLA_MAYOR_ESTANCIA_G         "
"1",":"
"1"," Factor w/ 7 levels "" "",""Fuerteventura"",..: "
"1","6 6 7 6 7 6 6 6 6 6"
"1"," ..."
"1","
"
"1"," "
"1","$ "
"1","VIAJE_GRATIS                  "
"1",":"
"1"," Factor w/ 5 levels ""Alojamiento"",..: "
"1","2 2 2 2 2 2 2 2 2 1"
"1"," ..."
"1","
"
"1"," "
"1","$ "
"1","GASTO_ORIGEN_EUROS            "
"1",":"
"1"," num  "
"1","NA NA NA NA NA NA NA 1200 NA NA"
"1"," ..."
"1","
"
"1"," "
"1","$ "
"1","MENORES_2_ORIGEN              "
"1",":"
"1"," int  "
"1","0 0 0 0 0 0 0 0 0 0"
"1"," ..."
"1","
"
"1"," "
"1","$ "
"1","DE_2_A_12_ORIGEN              "
"1",":"
"1"," int  "
"1","0 2 0 0 0 0 0 0 0 0"
"1"," ..."
"1","
"
"1"," "
"1","$ "
"1","DE_13_A_65_ORIGEN             "
"1",":"
"1"," int  "
"1","2 2 1 2 0 0 2 0 0 2"
"1"," ..."
"1","
"
"1"," "
"1","$ "
"1","MAYORES_65_ORIGEN             "
"1",":"
"1"," int  "
"1","0 0 1 0 2 1 0 2 1 0"
"1"," ..."
"1","
"
"1"," "
"1","$ "
"1","PERSONAS_PAGO_ORIGEN          "
"1",":"
"1"," int  "
"1","2 4 2 2 2 1 2 2 1 2"
"1"," ..."
"1","
"
"1"," "
"1","$ "
"1","CONCEPT_INCLS_ORIGEN          "
"1",":"
"1"," Factor w/ 11 levels ""Alojamiento y desayuno"",..: "
"1","11 11 10 10 10 10 9 9 10 6"
"1"," ..."
"1","
"
"1"," "
"1","$ "
"1","ACOMP_PAREJA                  "
"1",":"
"1"," Factor w/ 2 levels ""No"",""Sí"": "
"1","2 2 2 2 2 2 2 2 2 2"
"1"," ..."
"1","
"
"1"," "
"1","$ "
"1","ACOMP_HIJOS                   "
"1",":"
"1"," Factor w/ 2 levels ""No"",""Sí"": "
"1","1 2 1 1 1 1 1 1 1 1"
"1"," ..."
"1","
"
"1"," "
"1","$ "
"1","ACOMP_OTROS_FAMILIARES        "
"1",":"
"1"," Factor w/ 2 levels ""No"",""Sí"": "
"1","1 1 1 1 1 1 1 1 1 1"
"1"," ..."
"1","
"
"1"," "
"1","$ "
"1","ACOMP_AMIGOS                  "
"1",":"
"1"," Factor w/ 2 levels ""No"",""Sí"": "
"1","1 1 1 1 1 1 1 1 1 1"
"1"," ..."
"1","
"
"1"," "
"1","$ "
"1","ACOMP_COMPANYEROS_TRABAJO     "
"1",":"
"1"," Factor w/ 2 levels ""No"",""Sí"": "
"1","1 1 1 1 1 1 1 1 1 1"
"1"," ..."
"1","
"
"1"," "
"1","$ "
"1","ACOMP_OTROS_ACOMPANYANTES     "
"1",":"
"1"," Factor w/ 2 levels ""No"",""Sí"": "
"1","1 1 1 1 1 1 1 1 1 1"
"1"," ..."
"1","
"
"1"," "
"1","$ "
"1","OTRO_CONCEPT_EXCUR            "
"1",":"
"1"," Factor w/ 2 levels ""No"",""Sí"": "
"1","1 1 1 1 1 1 1 1 1 2"
"1"," ..."
"1","
"
"1"," "
"1","$ "
"1","OTRO_CONCEPT_ALQUILER_VEHIC   "
"1",":"
"1"," Factor w/ 2 levels ""No"",""Sí"": "
"1","1 1 1 1 1 1 1 1 1 1"
"1"," ..."
"1","
"
"1"," "
"1","$ "
"1","OTRO_CONCEPT_ACTIV_DEPORTIVAS "
"1",":"
"1"," Factor w/ 2 levels ""No"",""Sí"": "
"1","1 1 1 1 1 1 1 1 1 1"
"1"," ..."
"1","
"
"1"," "
"1","$ "
"1","OTRO_CONCEPT_VIAJE_COMBI_ISLAS"
"1",":"
"1"," Factor w/ 2 levels ""No"",""Sí"": "
"1","1 1 1 1 1 1 1 1 1 1"
"1"," ..."
"1","
"
"1"," "
"1","$ "
"1","OTRO_CONCEPT_INCLUIDO         "
"1",":"
"1"," Factor w/ 2 levels ""No"",""Sí"": "
"1","1 1 1 1 1 1 1 1 1 2"
"1"," ..."
"1","
"
"1"," "
"1","$ "
"1","OTRO_CONCEPT_NINGUNA          "
"1",":"
"1"," Factor w/ 2 levels ""No"",""Sí"": "
"1","2 2 2 2 2 2 2 2 2 1"
"1"," ..."
"1","
"
"1"," "
"1","$ "
"1","GASTO_CANARIAS_EUROS          "
"1",":"
"1"," num  "
"1","NA NA NA NA NA NA NA 1290 NA NA"
"1"," ..."
"1","
"
"1"," "
"1","$ "
"1","DESGLOSE_ALOJ                 "
"1",":"
"1"," num  "
"1","0 0 0 0 0 0 0 0 0 0"
"1"," ..."
"1","
"
"1"," "
"1","$ "
"1","DESGLOSE_EXTRA_ALOJ           "
"1",":"
"1"," num  "
"1","0 0 0 0 0 0 0 NA 0 0"
"1"," ..."
"1","
"
"1"," "
"1","$ "
"1","DESGLOSE_TRANSP_PUBLICO       "
"1",":"
"1"," num  "
"1","0 0 NA NA 0 0 0 NA 0 0"
"1"," ..."
"1","
"
"1"," "
"1","$ "
"1","DESGLOSE_TAXI                 "
"1",":"
"1"," num  "
"1","0 0 NA 0 0 0 0 0 0 0"
"1"," ..."
"1","
"
"1"," "
"1","$ "
"1","DESGLOSE_ALQ_VEHIC            "
"1",":"
"1"," num  "
"1","24 0 0 0 0 30 20 NA 0 0"
"1"," ..."
"1","
"
"1"," "
"1","$ "
"1","DESGLOSE_EXCURS_ORGANIZ       "
"1",":"
"1"," num  "
"1","16 0 NA NA NA 0 30 NA NA 0"
"1"," ..."
"1","
"
"1"," "
"1","$ "
"1","DESGLOSE_OCIO                 "
"1",":"
"1"," num  "
"1","0 0 0 0 0 10 0 0 0 0"
"1"," ..."
"1","
"
"1"," "
"1","$ "
"1","DESGLOSE_VIAJE_OTR_ISLAS      "
"1",":"
"1"," num  "
"1","0 0 0 NA 0 10 0 NA 0 0"
"1"," ..."
"1","
"
"1"," "
"1","$ "
"1","DESGLOSE_DEPORTES             "
"1",":"
"1"," num  "
"1","0 0 0 0 0 0 0 0 0 0"
"1"," ..."
"1","
"
"1"," "
"1","$ "
"1","DESGLOSE_ACTIV_CULTURAL       "
"1",":"
"1"," num  "
"1","0 0 0 0 0 10 0 0 0 0"
"1"," ..."
"1","
"
"1"," "
"1","$ "
"1","DESGLOSE_SALUD                "
"1",":"
"1"," num  "
"1","0 0 0 0 0 0 0 0 0 0"
"1"," ..."
"1","
"
"1"," "
"1","$ "
"1","DESGLOSE_ALIM_SUPER           "
"1",":"
"1"," num  "
"1","0 50 0 NA NA 0 0 NA 0 30"
"1"," ..."
"1","
"
"1"," "
"1","$ "
"1","DESGLOSE_DISCOTECAS           "
"1",":"
"1"," num  "
"1","0 0 0 0 0 0 0 0 0 0"
"1"," ..."
"1","
"
"1"," "
"1","$ "
"1","DESGLOSE_SOUVENIRS            "
"1",":"
"1"," num  "
"1","16 50 NA NA NA 20 0 NA NA 0"
"1"," ..."
"1","
"
"1"," "
"1","$ "
"1","DESGLOSE_RESTAURANT           "
"1",":"
"1"," num  "
"1","44 0 NA NA 0 20 50 NA 0 70"
"1"," ..."
"1","
"
"1"," "
"1","$ "
"1","DESGLOSE_SERV_PERSONALES      "
"1",":"
"1"," num  "
"1","0 0 0 0 0 0 0 0 0 0"
"1"," ..."
"1","
"
"1"," "
"1","$ "
"1","DESGLOSE_INVERSIONES          "
"1",":"
"1"," num  "
"1","0 0 0 0 0 0 0 0 0 0"
"1"," ..."
"1","
"
"1"," "
"1","$ "
"1","DESGLOSE_FARMACIAS            "
"1",":"
"1"," num  "
"1","0 0 0 0 0 0 0 0 0 0"
"1"," ..."
"1","
"
"1"," "
"1","$ "
"1","DESGLOSE_OTRO_GASTOS          "
"1",":"
"1"," num  "
"1","0 0 0 0 0 0 0 0 0 0"
"1"," ..."
"1","
"
"1"," "
"1","$ "
"1","VISITADO_LANZAROTE            "
"1",":"
"1"," Factor w/ 2 levels ""No"",""Sí"": "
"1","2 2 2 2 2 2 2 2 2 2"
"1"," ..."
"1","
"
"1"," "
"1","$ "
"1","VISITADO_FUERTEVENTURA        "
"1",":"
"1"," Factor w/ 2 levels ""No"",""Sí"": "
"1","1 1 1 2 2 2 2 2 2 1"
"1"," ..."
"1","
"
"1"," "
"1","$ "
"1","VISITADO_GRAN_CANARIA         "
"1",":"
"1"," Factor w/ 2 levels ""No"",""Sí"": "
"1","1 1 1 1 1 1 1 1 1 1"
"1"," ..."
"1","
"
"1"," "
"1","$ "
"1","VISITADO_TENERIFE             "
"1",":"
"1"," Factor w/ 2 levels ""No"",""Sí"": "
"1","1 1 2 2 2 2 1 1 1 1"
"1"," ..."
"1","
"
"1"," "
"1","$ "
"1","VISITADO_LA_GOMERA            "
"1",":"
"1"," Factor w/ 2 levels ""No"",""Sí"": "
"1","1 1 1 2 1 1 1 1 1 1"
"1"," ..."
"1","
"
"1"," "
"1","$ "
"1","VISITADO_LA_PALMA             "
"1",":"
"1"," Factor w/ 2 levels ""No"",""Sí"": "
"1","1 1 1 1 1 1 1 1 1 1"
"1"," ..."
"1","
"
"1"," "
"1","$ "
"1","VISITADO_EL_HIERRO            "
"1",":"
"1"," Factor w/ 2 levels ""No"",""Sí"": "
"1","1 1 1 1 1 1 1 1 1 1"
"1"," ..."
"1","
"
"1"," "
"1","$ "
"1","VISITA_ANTERIOR_ISLAS_CANARIAS"
"1",":"
"1"," Factor w/ 2 levels ""No"",""Sí"": "
"1","1 2 2 2 2 2 2 2 2 2"
"1"," ..."
"1","
"
"1"," "
"1","$ "
"1","VECES_TOTAL                   "
"1",":"
"1"," Factor w/ 12 levels ""0"",""1"",""10"",""2"",..: "
"1","1 2 4 2 2 4 11 5 7 6"
"1"," ..."
"1","
"
"1"," "
"1","$ "
"1","VECES_LANZAROTE               "
"1",":"
"1"," Factor w/ 12 levels ""0"",""1"",""10"",""2"",..: "
"1","1 1 1 1 2 4 1 5 1 6"
"1"," ..."
"1","
"
"1"," "
"1","$ "
"1","VECES_FUERTEVENTURA           "
"1",":"
"1"," Factor w/ 12 levels ""0"",""1"",""10"",""2"",..: "
"1","1 1 1 1 2 2 1 1 1 1"
"1"," ..."
"1","
"
"1"," "
"1","$ "
"1","VECES_GRAN_CANARIA            "
"1",":"
"1"," Factor w/ 12 levels ""0"",""1"",""10"",""2"",..: "
"1","1 2 NA 2 1 1 1 1 1 1"
"1"," ..."
"1","
"
"1"," "
"1","$ "
"1","VECES_TENERIFE                "
"1",":"
"1"," Factor w/ 12 levels ""0"",""1"",""10"",""2"",..: "
"1","1 1 NA 2 2 4 NA 1 7 1"
"1"," ..."
"1","
"
"1"," "
"1","$ "
"1","VECES_LA_GOMERA               "
"1",":"
"1"," Factor w/ 12 levels ""0"",""1"",""10"",""2"",..: "
"1","1 1 1 1 1 2 1 1 1 1"
"1"," ..."
"1","
"
"1"," "
"1","$ "
"1","VECES_LA_PALMA                "
"1",":"
"1"," Factor w/ 12 levels ""0"",""1"",""10"",""2"",..: "
"1","1 1 1 1 1 1 1 1 1 1"
"1"," ..."
"1","
"
"1"," "
"1","$ "
"1","VECES_EL_HIERRO               "
"1",":"
"1"," Factor w/ 12 levels ""0"",""1"",""10"",""2"",..: "
"1","1 1 1 1 1 1 1 1 1 1"
"1"," ..."
"1","
"
"1"," "
"1","$ "
"1","IMPRESION                     "
"1",":"
"1"," int  "
"1","5 4 NA 4 5 4 5 NA NA NA"
"1"," ..."
"1","
"
"1"," "
"1","$ "
"1","VALORACION_ALOJ               "
"1",":"
"1"," int  "
"1","7 8 7 NA 9 8 8 7 NA 8"
"1"," ..."
"1","
"
"1"," "
"1","$ "
"1","VALORACION_TRATO_ALOJ         "
"1",":"
"1"," int  "
"1","9 NA 8 9 10 8 9 7 6 NA"
"1"," ..."
"1","
"
"1"," "
"1","$ "
"1","VALORACION_GASTRONO_ALOJ      "
"1",":"
"1"," int  "
"1","6 6 7 6 NA 8 7 7 NA NA"
"1"," ..."
"1","
"
"1"," "
"1","$ "
"1","VALORACION_CLIMA              "
"1",":"
"1"," int  "
"1","9 8 7 7 10 8 9 9 NA 8"
"1"," ..."
"1","
"
"1"," "
"1","$ "
"1","VALORACION_ZONAS_BANYO        "
"1",":"
"1"," int  "
"1","6 8 5 8 NA 8 6 7 NA 9"
"1"," ..."
"1","
"
"1"," "
"1","$ "
"1","VALORACION_PAISAJES           "
"1",":"
"1"," int  "
"1","8 6 9 9 NA 9 9 8 NA 6"
"1"," ..."
"1","
"
"1"," "
"1","$ "
"1","VALORACION_MEDIO_AMBIENTE     "
"1",":"
"1"," int  "
"1","8 8 9 8 NA 9 8 9 NA 10"
"1"," ..."
"1","
"
"1"," "
"1","$ "
"1","VALORACION_TRANQUILIDAD       "
"1",":"
"1"," int  "
"1","9 7 9 8 8 9 10 8 NA 6"
"1"," ..."
"1","
"
"1"," "
"1","$ "
"1","VALORACION_LIMPIEZA           "
"1",":"
"1"," int  "
"1","10 8 8 7 9 9 9 8 3 10"
"1"," ..."
"1","
"
"1"," "
"1","$ "
"1","VALORACION_CALIDAD_RESTAUR    "
"1",":"
"1"," int  "
"1","10 6 8 6 9 8 8 7 NA 9"
"1"," ..."
"1","
"
"1"," "
"1","$ "
"1","VALORACION_OFERTA_GASTR_LOC   "
"1",":"
"1"," int  "
"1","10 6 8 8 NA 8 6 6 NA 6"
"1"," ..."
"1","
"
"1"," "
"1","$ "
"1","VALORACION_TRATO_RESTAUR      "
"1",":"
"1"," int  "
"1","10 9 9 8 NA 8 9 8 10 10"
"1"," ..."
"1","
"
"1"," "
"1","$ "
"1","VALORACION_PRECIO_RESTAUR     "
"1",":"
"1"," int  "
"1","10 9 7 8 NA 9 9 7 7 8"
"1"," ..."
"1","
"
"1"," "
"1","$ "
"1","VALORACION_CULTURA            "
"1",":"
"1"," int  "
"1","6 NA NA NA NA 8 NA NA NA 7"
"1"," ..."
"1","
"
"1"," "
"1","$ "
"1","VALORACION_DEPORTES           "
"1",":"
"1"," int  "
"1","6 NA NA NA NA NA NA NA NA 8"
"1"," ..."
"1","
"
"1"," "
"1","$ "
"1","VALORACION_GOLF               "
"1",":"
"1"," int  "
"1","NA NA NA NA NA NA NA NA NA NA"
"1"," ..."
"1","
"
"1"," "
"1","$ "
"1","VALORACION_PARQUES_OCIO       "
"1",":"
"1"," int  "
"1","6 NA NA NA NA 9 NA NA NA NA"
"1"," ..."
"1","
"
"1"," "
"1","$ "
"1","VALORACION_AMBIENTE_NOCTURNO  "
"1",":"
"1"," int  "
"1","6 NA NA NA NA NA NA NA NA NA"
"1"," ..."
"1","
"
"1"," "
"1","$ "
"1","VALORACION_EXCURSIONES        "
"1",":"
"1"," int  "
"1","7 NA NA 9 NA NA 8 6 NA NA"
"1"," ..."
"1","
"
"1"," "
"1"," "
"1","[list output truncated]
"
"0","#Realizamos el tratamiento de datos necesarios para el examen."
"0","datos_filtrados <- datos[, c(81:93, 3, 4, 6, 21, 72, 112, 110, 109, 80, 151, 146)]"
"0","which(is.na(datos_filtrados))"
"1","   [1]"
"1","    4"
"1","    9"
"1","   57"
"1","   85"
"1","  155"
"1","  175"
"1","  197"
"1","  227"
"1","  230"
"1","  259"
"1","  269"
"1","  337"
"1","  344"
"1","  385"
"1","  397"
"1","  403"
"1","  428"
"1","  461"
"1","  464"
"1","  477"
"1","  495"
"1","  511"
"1","  519"
"1","  548"
"1","
"
"1","  [25]"
"1","  557"
"1","  586"
"1","  594"
"1","  658"
"1","  671"
"1","  684"
"1","  687"
"1","  708"
"1","  715"
"1","  732"
"1","  741"
"1","  742"
"1","  751"
"1","  794"
"1","  818"
"1","  855"
"1","  887"
"1","  906"
"1","  908"
"1","  914"
"1","  920"
"1","  930"
"1"," 1009"
"1"," 1016"
"1","
"
"1","  [49]"
"1"," 1033"
"1"," 1061"
"1"," 1142"
"1"," 1224"
"1"," 1232"
"1"," 1263"
"1"," 1269"
"1"," 1271"
"1"," 1302"
"1"," 1313"
"1"," 1314"
"1"," 1453"
"1"," 1466"
"1"," 1505"
"1"," 1513"
"1"," 1517"
"1"," 1524"
"1"," 1542"
"1"," 1546"
"1"," 1560"
"1"," 1584"
"1"," 1587"
"1"," 1631"
"1"," 1652"
"1","
"
"1","  [73]"
"1"," 1653"
"1"," 1687"
"1"," 1736"
"1"," 1739"
"1"," 1826"
"1"," 1850"
"1"," 1861"
"1"," 1864"
"1"," 1949"
"1"," 1962"
"1"," 1974"
"1"," 1976"
"1"," 1982"
"1"," 2027"
"1"," 2029"
"1"," 2040"
"1"," 2051"
"1"," 2079"
"1"," 2087"
"1"," 2104"
"1"," 2121"
"1"," 2163"
"1"," 2173"
"1"," 2182"
"1","
"
"1","  [97]"
"1"," 2189"
"1"," 2232"
"1"," 2239"
"1"," 2248"
"1"," 2255"
"1"," 2276"
"1"," 2292"
"1"," 2294"
"1"," 2299"
"1"," 2305"
"1"," 2310"
"1"," 2334"
"1"," 2351"
"1"," 2370"
"1"," 2380"
"1"," 2387"
"1"," 2403"
"1"," 2405"
"1"," 2425"
"1"," 2450"
"1"," 2485"
"1"," 2486"
"1"," 2501"
"1"," 2521"
"1","
"
"1"," [121]"
"1"," 2523"
"1"," 2525"
"1"," 2528"
"1"," 2549"
"1"," 2556"
"1"," 2557"
"1"," 2559"
"1"," 2575"
"1"," 2577"
"1"," 2581"
"1"," 2589"
"1"," 2591"
"1"," 2598"
"1"," 2600"
"1"," 2602"
"1"," 2605"
"1"," 2606"
"1"," 2607"
"1"," 2609"
"1"," 2616"
"1"," 2619"
"1"," 2623"
"1"," 2633"
"1"," 2639"
"1","
"
"1"," [145]"
"1"," 2640"
"1"," 2644"
"1"," 2647"
"1"," 2650"
"1"," 2652"
"1"," 2660"
"1"," 2676"
"1"," 2687"
"1"," 2689"
"1"," 2690"
"1"," 2691"
"1"," 2693"
"1"," 2699"
"1"," 2706"
"1"," 2707"
"1"," 2722"
"1"," 2737"
"1"," 2740"
"1"," 2746"
"1"," 2747"
"1"," 2749"
"1"," 2751"
"1"," 2752"
"1"," 2758"
"1","
"
"1"," [169]"
"1"," 2760"
"1"," 2762"
"1"," 2768"
"1"," 2769"
"1"," 2770"
"1"," 2771"
"1"," 2772"
"1"," 2774"
"1"," 2781"
"1"," 2784"
"1"," 2787"
"1"," 2789"
"1"," 2790"
"1"," 2791"
"1"," 2798"
"1"," 2799"
"1"," 2800"
"1"," 2801"
"1"," 2805"
"1"," 2806"
"1"," 2807"
"1"," 2808"
"1"," 2812"
"1"," 2816"
"1","
"
"1"," [193]"
"1"," 2825"
"1"," 2827"
"1"," 2829"
"1"," 2834"
"1"," 2836"
"1"," 2840"
"1"," 2841"
"1"," 2842"
"1"," 2843"
"1"," 2848"
"1"," 2849"
"1"," 2851"
"1"," 2854"
"1"," 2855"
"1"," 2856"
"1"," 2858"
"1"," 2859"
"1"," 2868"
"1"," 2873"
"1"," 2876"
"1"," 2878"
"1"," 2883"
"1"," 2892"
"1"," 2893"
"1","
"
"1"," [217]"
"1"," 2894"
"1"," 2896"
"1"," 2898"
"1"," 2906"
"1"," 2911"
"1"," 2919"
"1"," 2925"
"1"," 2926"
"1"," 2927"
"1"," 2958"
"1"," 2959"
"1"," 2985"
"1"," 2988"
"1"," 2996"
"1"," 2997"
"1"," 3001"
"1"," 3004"
"1"," 3007"
"1"," 3012"
"1"," 3018"
"1"," 3019"
"1"," 3020"
"1"," 3023"
"1"," 3025"
"1","
"
"1"," [241]"
"1"," 3028"
"1"," 3041"
"1"," 3042"
"1"," 3058"
"1"," 3063"
"1"," 3066"
"1"," 3079"
"1"," 3082"
"1"," 3086"
"1"," 3088"
"1"," 3091"
"1"," 3093"
"1"," 3096"
"1"," 3122"
"1"," 3132"
"1"," 3133"
"1"," 3134"
"1"," 3135"
"1"," 3137"
"1"," 3138"
"1"," 3140"
"1"," 3147"
"1"," 3148"
"1"," 3157"
"1","
"
"1"," [265]"
"1"," 3162"
"1"," 3167"
"1"," 3174"
"1"," 3175"
"1"," 3184"
"1"," 3193"
"1"," 3196"
"1"," 3198"
"1"," 3200"
"1"," 3203"
"1"," 3217"
"1"," 3218"
"1"," 3219"
"1"," 3232"
"1"," 3233"
"1"," 3241"
"1"," 3247"
"1"," 3254"
"1"," 3256"
"1"," 3259"
"1"," 3268"
"1"," 3275"
"1"," 3276"
"1"," 3278"
"1","
"
"1"," [289]"
"1"," 3279"
"1"," 3281"
"1"," 3284"
"1"," 3285"
"1"," 3289"
"1"," 3293"
"1"," 3294"
"1"," 3295"
"1"," 3299"
"1"," 3303"
"1"," 3310"
"1"," 3312"
"1"," 3317"
"1"," 3321"
"1"," 3331"
"1"," 3332"
"1"," 3333"
"1"," 3344"
"1"," 3348"
"1"," 3350"
"1"," 3351"
"1"," 3352"
"1"," 3361"
"1"," 3362"
"1","
"
"1"," [313]"
"1"," 3366"
"1"," 3370"
"1"," 3374"
"1"," 3377"
"1"," 3390"
"1"," 3391"
"1"," 3393"
"1"," 3396"
"1"," 3397"
"1"," 3398"
"1"," 3403"
"1"," 3414"
"1"," 3425"
"1"," 3429"
"1"," 3430"
"1"," 3431"
"1"," 3433"
"1"," 3434"
"1"," 3435"
"1"," 3437"
"1"," 3438"
"1"," 3439"
"1"," 3442"
"1"," 3443"
"1","
"
"1"," [337]"
"1"," 3444"
"1"," 3445"
"1"," 3451"
"1"," 3453"
"1"," 3463"
"1"," 3468"
"1"," 3471"
"1"," 3480"
"1"," 3487"
"1"," 3496"
"1"," 3497"
"1"," 3499"
"1"," 3504"
"1"," 3507"
"1"," 3510"
"1"," 3513"
"1"," 3521"
"1"," 3528"
"1"," 3537"
"1"," 3538"
"1"," 3540"
"1"," 3544"
"1"," 3545"
"1"," 3548"
"1","
"
"1"," [361]"
"1"," 3555"
"1"," 3556"
"1"," 3558"
"1"," 3561"
"1"," 3571"
"1"," 3584"
"1"," 3589"
"1"," 3595"
"1"," 3599"
"1"," 3650"
"1"," 3658"
"1"," 3664"
"1"," 3677"
"1"," 3697"
"1"," 3711"
"1"," 3717"
"1"," 3719"
"1"," 3722"
"1"," 3724"
"1"," 3748"
"1"," 3754"
"1"," 3776"
"1"," 3777"
"1"," 3780"
"1","
"
"1"," [385]"
"1"," 3784"
"1"," 3802"
"1"," 3803"
"1"," 3804"
"1"," 3807"
"1"," 3808"
"1"," 3810"
"1"," 3813"
"1"," 3815"
"1"," 3816"
"1"," 3823"
"1"," 3831"
"1"," 3834"
"1"," 3835"
"1"," 3837"
"1"," 3838"
"1"," 3839"
"1"," 3841"
"1"," 3845"
"1"," 3855"
"1"," 3856"
"1"," 3858"
"1"," 3862"
"1"," 3874"
"1","
"
"1"," [409]"
"1"," 3883"
"1"," 3894"
"1"," 3898"
"1"," 3914"
"1"," 3916"
"1"," 3918"
"1"," 3920"
"1"," 3921"
"1"," 3942"
"1"," 3944"
"1"," 3951"
"1"," 3956"
"1"," 3957"
"1"," 3961"
"1"," 3963"
"1"," 3983"
"1"," 4021"
"1"," 4023"
"1"," 4025"
"1"," 4028"
"1"," 4034"
"1"," 4037"
"1"," 4039"
"1"," 4040"
"1","
"
"1"," [433]"
"1"," 4042"
"1"," 4046"
"1"," 4047"
"1"," 4050"
"1"," 4051"
"1"," 4055"
"1"," 4058"
"1"," 4062"
"1"," 4064"
"1"," 4066"
"1"," 4082"
"1"," 4085"
"1"," 4092"
"1"," 4093"
"1"," 4095"
"1"," 4108"
"1"," 4112"
"1"," 4115"
"1"," 4120"
"1"," 4123"
"1"," 4124"
"1"," 4125"
"1"," 4128"
"1"," 4129"
"1","
"
"1"," [457]"
"1"," 4133"
"1"," 4136"
"1"," 4137"
"1"," 4139"
"1"," 4147"
"1"," 4149"
"1"," 4151"
"1"," 4160"
"1"," 4162"
"1"," 4164"
"1"," 4167"
"1"," 4168"
"1"," 4169"
"1"," 4175"
"1"," 4179"
"1"," 4183"
"1"," 4184"
"1"," 4185"
"1"," 4186"
"1"," 4189"
"1"," 4190"
"1"," 4193"
"1"," 4197"
"1"," 4198"
"1","
"
"1"," [481]"
"1"," 4202"
"1"," 4204"
"1"," 4216"
"1"," 4218"
"1"," 4228"
"1"," 4230"
"1"," 4234"
"1"," 4238"
"1"," 4250"
"1"," 4251"
"1"," 4252"
"1"," 4254"
"1"," 4261"
"1"," 4263"
"1"," 4272"
"1"," 4285"
"1"," 4286"
"1"," 4288"
"1"," 4300"
"1"," 4318"
"1"," 4319"
"1"," 4333"
"1"," 4335"
"1"," 4337"
"1","
"
"1"," [505]"
"1"," 4339"
"1"," 4348"
"1"," 4356"
"1"," 4357"
"1"," 4358"
"1"," 4369"
"1"," 4371"
"1"," 4375"
"1"," 4377"
"1"," 4381"
"1"," 4386"
"1"," 4391"
"1"," 4392"
"1"," 4402"
"1"," 4404"
"1"," 4406"
"1"," 4410"
"1"," 4411"
"1"," 4415"
"1"," 4430"
"1"," 4434"
"1"," 4435"
"1"," 4439"
"1"," 4444"
"1","
"
"1"," [529]"
"1"," 4445"
"1"," 4455"
"1"," 4460"
"1"," 4462"
"1"," 4465"
"1"," 4467"
"1"," 4484"
"1"," 4490"
"1"," 4491"
"1"," 4503"
"1"," 4504"
"1"," 4505"
"1"," 4510"
"1"," 4511"
"1"," 4512"
"1"," 4514"
"1"," 4519"
"1"," 4534"
"1"," 4535"
"1"," 4539"
"1"," 4562"
"1"," 4564"
"1"," 4575"
"1"," 4579"
"1","
"
"1"," [553]"
"1"," 4619"
"1"," 4620"
"1"," 4622"
"1"," 4631"
"1"," 4632"
"1"," 4634"
"1"," 4637"
"1"," 4656"
"1"," 4668"
"1"," 4684"
"1"," 4686"
"1"," 4688"
"1"," 4692"
"1"," 4693"
"1"," 4694"
"1"," 4706"
"1"," 4707"
"1"," 4719"
"1"," 4723"
"1"," 4724"
"1"," 4725"
"1"," 4726"
"1"," 4729"
"1"," 4738"
"1","
"
"1"," [577]"
"1"," 4743"
"1"," 4745"
"1"," 4746"
"1"," 4748"
"1"," 4766"
"1"," 4774"
"1"," 4786"
"1"," 4793"
"1"," 4804"
"1"," 4810"
"1"," 4828"
"1"," 4829"
"1"," 4830"
"1"," 4831"
"1"," 4848"
"1"," 4851"
"1"," 4853"
"1"," 4857"
"1"," 4858"
"1"," 4859"
"1"," 4863"
"1"," 4871"
"1"," 4873"
"1"," 4879"
"1","
"
"1"," [601]"
"1"," 4882"
"1"," 4883"
"1"," 4886"
"1"," 4888"
"1"," 4893"
"1"," 4902"
"1"," 4906"
"1"," 4908"
"1"," 4911"
"1"," 4915"
"1"," 4925"
"1"," 4926"
"1"," 4929"
"1"," 4934"
"1"," 4936"
"1"," 4939"
"1"," 4950"
"1"," 4978"
"1"," 4980"
"1"," 4981"
"1"," 4982"
"1"," 4983"
"1"," 4984"
"1"," 4987"
"1","
"
"1"," [625]"
"1"," 4988"
"1"," 4997"
"1"," 5001"
"1"," 5005"
"1"," 5014"
"1"," 5016"
"1"," 5021"
"1"," 5025"
"1"," 5029"
"1"," 5033"
"1"," 5035"
"1"," 5037"
"1"," 5038"
"1"," 5039"
"1"," 5040"
"1"," 5042"
"1"," 5044"
"1"," 5050"
"1"," 5051"
"1"," 5054"
"1"," 5056"
"1"," 5057"
"1"," 5058"
"1"," 5059"
"1","
"
"1"," [649]"
"1"," 5064"
"1"," 5066"
"1"," 5067"
"1"," 5077"
"1"," 5081"
"1"," 5082"
"1"," 5086"
"1"," 5096"
"1"," 5101"
"1"," 5102"
"1"," 5105"
"1"," 5110"
"1"," 5111"
"1"," 5118"
"1"," 5131"
"1"," 5137"
"1"," 5143"
"1"," 5146"
"1"," 5148"
"1"," 5155"
"1"," 5159"
"1"," 5161"
"1"," 5165"
"1"," 5167"
"1","
"
"1"," [673]"
"1"," 5172"
"1"," 5173"
"1"," 5176"
"1"," 5179"
"1"," 5184"
"1"," 5185"
"1"," 5187"
"1"," 5188"
"1"," 5192"
"1"," 5201"
"1"," 5202"
"1"," 5203"
"1"," 5209"
"1"," 5216"
"1"," 5225"
"1"," 5252"
"1"," 5253"
"1"," 5256"
"1"," 5258"
"1"," 5259"
"1"," 5261"
"1"," 5264"
"1"," 5269"
"1"," 5271"
"1","
"
"1"," [697]"
"1"," 5274"
"1"," 5277"
"1"," 5278"
"1"," 5279"
"1"," 5284"
"1"," 5287"
"1"," 5290"
"1"," 5292"
"1"," 5293"
"1"," 5294"
"1"," 5295"
"1"," 5296"
"1"," 5297"
"1"," 5298"
"1"," 5302"
"1"," 5308"
"1"," 5316"
"1"," 5318"
"1"," 5333"
"1"," 5335"
"1"," 5337"
"1"," 5342"
"1"," 5345"
"1"," 5351"
"1","
"
"1"," [721]"
"1"," 5360"
"1"," 5365"
"1"," 5369"
"1"," 5382"
"1"," 5390"
"1"," 5392"
"1"," 5393"
"1"," 5398"
"1"," 5399"
"1"," 5401"
"1"," 5406"
"1"," 5409"
"1"," 5410"
"1"," 5415"
"1"," 5424"
"1"," 5425"
"1"," 5427"
"1"," 5435"
"1"," 5436"
"1"," 5446"
"1"," 5449"
"1"," 5455"
"1"," 5456"
"1"," 5469"
"1","
"
"1"," [745]"
"1"," 5473"
"1"," 5474"
"1"," 5475"
"1"," 5486"
"1"," 5487"
"1"," 5498"
"1"," 5499"
"1"," 5500"
"1"," 5501"
"1"," 5505"
"1"," 5522"
"1"," 5523"
"1"," 5524"
"1"," 5525"
"1"," 5535"
"1"," 5540"
"1"," 5542"
"1"," 5550"
"1"," 5551"
"1"," 5561"
"1"," 5565"
"1"," 5566"
"1"," 5573"
"1"," 5602"
"1","
"
"1"," [769]"
"1"," 5603"
"1"," 5605"
"1"," 5622"
"1"," 5628"
"1"," 5630"
"1"," 5634"
"1"," 5635"
"1"," 5636"
"1"," 5661"
"1"," 5666"
"1"," 5671"
"1"," 5672"
"1"," 5682"
"1"," 5702"
"1"," 5705"
"1"," 5708"
"1"," 5710"
"1"," 5713"
"1"," 5718"
"1"," 5726"
"1"," 5727"
"1"," 5729"
"1"," 5736"
"1"," 5748"
"1","
"
"1"," [793]"
"1"," 5754"
"1"," 5769"
"1"," 5776"
"1"," 5778"
"1"," 5779"
"1"," 5784"
"1"," 5785"
"1"," 5787"
"1"," 5790"
"1"," 5798"
"1"," 5801"
"1"," 5805"
"1"," 5806"
"1"," 5819"
"1"," 5822"
"1"," 5823"
"1"," 5826"
"1"," 5827"
"1"," 5844"
"1"," 5845"
"1"," 5852"
"1"," 5862"
"1"," 5863"
"1"," 5866"
"1","
"
"1"," [817]"
"1"," 5878"
"1"," 5879"
"1"," 5880"
"1"," 5904"
"1"," 5919"
"1"," 5929"
"1"," 5935"
"1"," 5950"
"1"," 5953"
"1"," 5954"
"1"," 5956"
"1"," 5969"
"1"," 5974"
"1"," 5975"
"1"," 5978"
"1"," 5993"
"1"," 6005"
"1"," 6012"
"1"," 6015"
"1"," 6016"
"1"," 6017"
"1"," 6020"
"1"," 6021"
"1"," 6023"
"1","
"
"1"," [841]"
"1"," 6029"
"1"," 6047"
"1"," 6061"
"1"," 6063"
"1"," 6080"
"1"," 6118"
"1"," 6119"
"1"," 6136"
"1"," 6142"
"1"," 6149"
"1"," 6165"
"1"," 6174"
"1"," 6175"
"1"," 6191"
"1"," 6196"
"1"," 6206"
"1"," 6210"
"1"," 6211"
"1"," 6212"
"1"," 6217"
"1"," 6219"
"1"," 6222"
"1"," 6227"
"1"," 6234"
"1","
"
"1"," [865]"
"1"," 6237"
"1"," 6248"
"1"," 6249"
"1"," 6266"
"1"," 6274"
"1"," 6276"
"1"," 6283"
"1"," 6293"
"1"," 6295"
"1"," 6302"
"1"," 6310"
"1"," 6334"
"1"," 6335"
"1"," 6338"
"1"," 6341"
"1"," 6346"
"1"," 6349"
"1"," 6358"
"1"," 6359"
"1"," 6369"
"1"," 6373"
"1"," 6386"
"1"," 6401"
"1"," 6409"
"1","
"
"1"," [889]"
"1"," 6421"
"1"," 6426"
"1"," 6431"
"1"," 6434"
"1"," 6450"
"1"," 6453"
"1"," 6460"
"1"," 6465"
"1"," 6468"
"1"," 6470"
"1"," 6474"
"1"," 6488"
"1"," 6494"
"1"," 6496"
"1"," 6500"
"1"," 6502"
"1"," 6504"
"1"," 6505"
"1"," 6507"
"1"," 6509"
"1"," 6512"
"1"," 6518"
"1"," 6520"
"1"," 6526"
"1","
"
"1"," [913]"
"1"," 6529"
"1"," 6531"
"1"," 6535"
"1"," 6557"
"1"," 6559"
"1"," 6571"
"1"," 6572"
"1"," 6574"
"1"," 6581"
"1"," 6584"
"1"," 6586"
"1"," 6591"
"1"," 6593"
"1"," 6596"
"1"," 6606"
"1"," 6611"
"1"," 6616"
"1"," 6620"
"1"," 6634"
"1"," 6638"
"1"," 6639"
"1"," 6641"
"1"," 6655"
"1"," 6661"
"1","
"
"1"," [937]"
"1"," 6666"
"1"," 6678"
"1"," 6680"
"1"," 6682"
"1"," 6692"
"1"," 6706"
"1"," 6735"
"1"," 6737"
"1"," 6738"
"1"," 6748"
"1"," 6764"
"1"," 6774"
"1"," 6803"
"1"," 6812"
"1"," 6827"
"1"," 6828"
"1"," 6845"
"1"," 6857"
"1"," 6860"
"1"," 6873"
"1"," 6888"
"1"," 6889"
"1"," 6896"
"1"," 6898"
"1","
"
"1"," [961]"
"1"," 6900"
"1"," 6907"
"1"," 6909"
"1"," 6912"
"1"," 6919"
"1"," 6920"
"1"," 6926"
"1"," 6932"
"1"," 6934"
"1"," 6937"
"1"," 6938"
"1"," 6946"
"1"," 6962"
"1"," 6975"
"1"," 6984"
"1"," 6986"
"1"," 6991"
"1"," 6998"
"1"," 7001"
"1"," 7007"
"1"," 7009"
"1"," 7015"
"1"," 7016"
"1"," 7021"
"1","
"
"1"," [985]"
"1"," 7037"
"1"," 7039"
"1"," 7050"
"1"," 7062"
"1"," 7064"
"1"," 7066"
"1"," 7067"
"1"," 7075"
"1"," 7077"
"1"," 7082"
"1"," 7089"
"1"," 7090"
"1"," 7091"
"1"," 7094"
"1"," 7097"
"1"," 7120"
"1","
"
"1"," [ reached getOption(""max.print"") -- omitted 888718 entries ]
"
"0","summary(datos_filtrados)"
"1"," VALORACION_ALOJ "
"1"," VALORACION_TRATO_ALOJ"
"1"," VALORACION_GASTRONO_ALOJ"
"1"," VALORACION_CLIMA"
"1"," VALORACION_ZONAS_BANYO"
"1"," VALORACION_PAISAJES"
"1","
"
"1"," Min.   : 1.000  "
"1"," Min.   : 1.00        "
"1"," Min.   : 1.00           "
"1"," Min.   : 1.000  "
"1"," Min.   : 1.00         "
"1"," Min.   : 1.00      "
"1","
"
"1"," 1st Qu.: 7.000  "
"1"," 1st Qu.: 8.00        "
"1"," 1st Qu.: 6.00           "
"1"," 1st Qu.: 8.000  "
"1"," 1st Qu.: 7.00         "
"1"," 1st Qu.: 7.00      "
"1","
"
"1"," Median : 8.000  "
"1"," Median : 9.00        "
"1"," Median : 8.00           "
"1"," Median : 9.000  "
"1"," Median : 8.00         "
"1"," Median : 9.00      "
"1","
"
"1"," Mean   : 8.009  "
"1"," Mean   : 8.25        "
"1"," Mean   : 7.43           "
"1"," Mean   : 8.569  "
"1"," Mean   : 8.04         "
"1"," Mean   : 8.27      "
"1","
"
"1"," 3rd Qu.:10.000  "
"1"," 3rd Qu.:10.00        "
"1"," 3rd Qu.: 9.00           "
"1"," 3rd Qu.:10.000  "
"1"," 3rd Qu.:10.00         "
"1"," 3rd Qu.:10.00      "
"1","
"
"1"," Max.   :11.000  "
"1"," Max.   :11.00        "
"1"," Max.   :11.00           "
"1"," Max.   :11.000  "
"1"," Max.   :11.00         "
"1"," Max.   :11.00      "
"1","
"
"1"," NA's   :28599   "
"1"," NA's   :44675        "
"1"," NA's   :77662           "
"1"," NA's   :21193   "
"1"," NA's   :40236         "
"1"," NA's   :31892      "
"1","
"
"1"," VALORACION_MEDIO_AMBIENTE"
"1"," VALORACION_TRANQUILIDAD"
"1"," VALORACION_LIMPIEZA"
"1"," VALORACION_CALIDAD_RESTAUR"
"1"," VALORACION_OFERTA_GASTR_LOC"
"1","
"
"1"," Min.   : 1.00            "
"1"," Min.   : 1.000         "
"1"," Min.   : 1.000     "
"1"," Min.   : 1.00             "
"1"," Min.   : 1.00              "
"1","
"
"1"," 1st Qu.: 7.00            "
"1"," 1st Qu.: 7.000         "
"1"," 1st Qu.: 7.000     "
"1"," 1st Qu.: 7.00             "
"1"," 1st Qu.: 6.00              "
"1","
"
"1"," Median : 8.00            "
"1"," Median : 9.000         "
"1"," Median : 8.000     "
"1"," Median : 8.00             "
"1"," Median : 8.00              "
"1","
"
"1"," Mean   : 8.07            "
"1"," Mean   : 8.161         "
"1"," Mean   : 8.079     "
"1"," Mean   : 7.68             "
"1"," Mean   : 7.33              "
"1","
"
"1"," 3rd Qu.: 9.00            "
"1"," 3rd Qu.:10.000         "
"1"," 3rd Qu.: 9.000     "
"1"," 3rd Qu.: 9.00             "
"1"," 3rd Qu.: 9.00              "
"1","
"
"1"," Max.   :11.00            "
"1"," Max.   :11.000         "
"1"," Max.   :11.000     "
"1"," Max.   :11.00             "
"1"," Max.   :11.00              "
"1","
"
"1"," NA's   :35965            "
"1"," NA's   :29964          "
"1"," NA's   :27625      "
"1"," NA's   :52602             "
"1"," NA's   :70773              "
"1","
"
"1"," VALORACION_TRATO_RESTAUR"
"1"," VALORACION_PRECIO_RESTAUR"
"1","       ID        "
"1"," AEROPUERTO "
"1","    PAIS_RESID_AGRUP"
"1"," NOCHES_PERNOCTADAS"
"1","
"
"1"," Min.   : 1.00           "
"1"," Min.   : 1.00            "
"1"," Min.   :     1  "
"1"," ACE:51471  "
"1"," Alemania   :60464  "
"1"," Min.   :  1.000   "
"1","
"
"1"," 1st Qu.: 7.00           "
"1"," 1st Qu.: 7.00            "
"1"," 1st Qu.: 67047  "
"1"," FUE:43517  "
"1"," España     :46576  "
"1"," 1st Qu.:  7.000   "
"1","
"
"1"," Median : 8.00           "
"1"," Median : 8.00            "
"1"," Median :134094  "
"1"," LPA:84473  "
"1"," Otros      :90187  "
"1"," Median :  7.000   "
"1","
"
"1"," Mean   : 8.04           "
"1"," Mean   : 7.52            "
"1"," Mean   :134094  "
"1"," SPC:14047  "
"1"," Reino Unido:70959  "
"1"," Mean   :  9.545   "
"1","
"
"1"," 3rd Qu.: 9.00           "
"1"," 3rd Qu.: 9.00            "
"1"," 3rd Qu.:201140  "
"1"," TFN:21502  "
"1"," NA's       :39895  "
"1"," 3rd Qu.: 11.000   "
"1","
"
"1"," Max.   :11.00           "
"1"," Max.   :11.00            "
"1"," Max.   :268186  "
"1"," TFS:93071  "
"1","                    "
"1"," Max.   :182.000   "
"1","
"
"1"," NA's   :57222           "
"1"," NA's   :65529            "
"1"," NA's   :39895   "
"1","            "
"1","                    "
"1","                   "
"1","
"
"1","      VECES_TOTAL   "
"1","             INGRESOS    "
"1","      EDAD      "
"1","     SEXO       "
"1","   IMPRESION    "
"1","  ESTANCIA_MAYOR_ISLA_G2"
"1","
"
"1"," 0          :70787  "
"1"," De 24001 a 36000:45766  "
"1"," Min.   :16.00  "
"1"," Hombre:157282  "
"1"," Min.   :1.00   "
"1"," Gran Canaria:72552     "
"1","
"
"1"," 1          :44808  "
"1"," De 12000 a 24000:43563  "
"1"," 1st Qu.:32.00  "
"1"," Mujer :150799  "
"1"," 1st Qu.:4.00   "
"1"," Lanzarote   :45623     "
"1","
"
"1"," Más de diez:33425  "
"1"," De 36001 a 48000:38519  "
"1"," Median :44.00  "
"1","                "
"1"," Median :5.00   "
"1"," Resto       :54081     "
"1","
"
"1"," 2          :32590  "
"1"," Más de 84000    :33151  "
"1"," Mean   :44.34  "
"1","                "
"1"," Mean   :4.39   "
"1"," Tenerife    :95930     "
"1","
"
"1"," 3          :24605  "
"1"," De 48001 a 60000:33092  "
"1"," 3rd Qu.:55.00  "
"1","                "
"1"," 3rd Qu.:5.00   "
"1"," NA's        :39895     "
"1","
"
"1"," (Other)    :74930  "
"1"," (Other)         :33847  "
"1"," Max.   :99.00  "
"1","                "
"1"," Max.   :6.00   "
"1","                        "
"1","
"
"1"," NA's       :26936  "
"1"," NA's            :80143  "
"1","                "
"1","                "
"1"," NA's   :39122  "
"1","                        "
"1","
"
"1","      AÑO       "
"1","
"
"1"," Min.   :2010   "
"1","
"
"1"," 1st Qu.:2011   "
"1","
"
"1"," Median :2013   "
"1","
"
"1"," Mean   :2013   "
"1","
"
"1"," 3rd Qu.:2015   "
"1","
"
"1"," Max.   :2017   "
"1","
"
"1"," NA's   :39895  "
"1","
"
"0","datos_filtrados_noNA <- na.omit(datos_filtrados)"
"0","summary(datos_filtrados_noNA)"
"1"," VALORACION_ALOJ "
"1"," VALORACION_TRATO_ALOJ"
"1"," VALORACION_GASTRONO_ALOJ"
"1"," VALORACION_CLIMA"
"1"," VALORACION_ZONAS_BANYO"
"1"," VALORACION_PAISAJES"
"1","
"
"1"," Min.   : 1.000  "
"1"," Min.   : 1.000       "
"1"," Min.   : 1.000          "
"1"," Min.   : 1.000  "
"1"," Min.   : 1.000        "
"1"," Min.   : 1.000     "
"1","
"
"1"," 1st Qu.: 7.000  "
"1"," 1st Qu.: 8.000       "
"1"," 1st Qu.: 6.000          "
"1"," 1st Qu.: 8.000  "
"1"," 1st Qu.: 7.000        "
"1"," 1st Qu.: 7.000     "
"1","
"
"1"," Median : 8.000  "
"1"," Median : 9.000       "
"1"," Median : 8.000          "
"1"," Median : 9.000  "
"1"," Median : 8.000        "
"1"," Median : 9.000     "
"1","
"
"1"," Mean   : 8.023  "
"1"," Mean   : 8.352       "
"1"," Mean   : 7.555          "
"1"," Mean   : 8.546  "
"1"," Mean   : 8.096        "
"1"," Mean   : 8.294     "
"1","
"
"1"," 3rd Qu.: 9.000  "
"1"," 3rd Qu.:10.000       "
"1"," 3rd Qu.: 9.000          "
"1"," 3rd Qu.:10.000  "
"1"," 3rd Qu.: 9.000        "
"1"," 3rd Qu.:10.000     "
"1","
"
"1"," Max.   :10.000  "
"1"," Max.   :10.000       "
"1"," Max.   :10.000          "
"1"," Max.   :10.000  "
"1"," Max.   :10.000        "
"1"," Max.   :10.000     "
"1","
"
"1","                 "
"1","                      "
"1","                         "
"1","                 "
"1","                       "
"1","                    "
"1","
"
"1"," VALORACION_MEDIO_AMBIENTE"
"1"," VALORACION_TRANQUILIDAD"
"1"," VALORACION_LIMPIEZA"
"1"," VALORACION_CALIDAD_RESTAUR"
"1"," VALORACION_OFERTA_GASTR_LOC"
"1","
"
"1"," Min.   : 1.00            "
"1"," Min.   : 1.00          "
"1"," Min.   : 1.000     "
"1"," Min.   : 1.000            "
"1"," Min.   : 1.000             "
"1","
"
"1"," 1st Qu.: 7.00            "
"1"," 1st Qu.: 7.00          "
"1"," 1st Qu.: 7.000     "
"1"," 1st Qu.: 7.000            "
"1"," 1st Qu.: 7.000             "
"1","
"
"1"," Median : 8.00            "
"1"," Median : 8.00          "
"1"," Median : 8.000     "
"1"," Median : 8.000            "
"1"," Median : 8.000             "
"1","
"
"1"," Mean   : 8.14            "
"1"," Mean   : 8.19          "
"1"," Mean   : 8.125     "
"1"," Mean   : 7.762            "
"1"," Mean   : 7.478             "
"1","
"
"1"," 3rd Qu.: 9.00            "
"1"," 3rd Qu.:10.00          "
"1"," 3rd Qu.: 9.000     "
"1"," 3rd Qu.: 9.000            "
"1"," 3rd Qu.: 9.000             "
"1","
"
"1"," Max.   :10.00            "
"1"," Max.   :10.00          "
"1"," Max.   :10.000     "
"1"," Max.   :10.000            "
"1"," Max.   :10.000             "
"1","
"
"1","                          "
"1","                        "
"1","                    "
"1","                           "
"1","                            "
"1","
"
"1"," VALORACION_TRATO_RESTAUR"
"1"," VALORACION_PRECIO_RESTAUR"
"1","       ID        "
"1"," AEROPUERTO "
"1","    PAIS_RESID_AGRUP"
"1"," NOCHES_PERNOCTADAS"
"1","
"
"1"," Min.   : 1.000          "
"1"," Min.   : 1.000           "
"1"," Min.   :     1  "
"1"," ACE:17316  "
"1"," Alemania   :16044  "
"1"," Min.   :  1.00    "
"1","
"
"1"," 1st Qu.: 7.000          "
"1"," 1st Qu.: 7.000           "
"1"," 1st Qu.: 67952  "
"1"," FUE:12597  "
"1"," España     :18237  "
"1"," 1st Qu.:  7.00    "
"1","
"
"1"," Median : 8.000          "
"1"," Median : 8.000           "
"1"," Median :138702  "
"1"," LPA:23200  "
"1"," Otros      :30388  "
"1"," Median :  7.00    "
"1","
"
"1"," Mean   : 8.157          "
"1"," Mean   : 7.655           "
"1"," Mean   :136615  "
"1"," SPC: 3074  "
"1"," Reino Unido:26356  "
"1"," Mean   :  8.64    "
"1","
"
"1"," 3rd Qu.: 9.000          "
"1"," 3rd Qu.: 9.000           "
"1"," 3rd Qu.:205366  "
"1"," TFN: 7457  "
"1","                    "
"1"," 3rd Qu.: 10.00    "
"1","
"
"1"," Max.   :10.000          "
"1"," Max.   :10.000           "
"1"," Max.   :268184  "
"1"," TFS:27381  "
"1","                    "
"1"," Max.   :180.00    "
"1","
"
"1","                         "
"1","                          "
"1","                 "
"1","            "
"1","                    "
"1","                   "
"1","
"
"1","      VECES_TOTAL   "
"1","             INGRESOS    "
"1","      EDAD     "
"1","     SEXO      "
"1","   IMPRESION   "
"1","  ESTANCIA_MAYOR_ISLA_G2"
"1","
"
"1"," 0          :24631  "
"1"," De 12000 a 24000:16837  "
"1"," Min.   :16.0  "
"1"," Hombre:49164  "
"1"," Min.   :1.00  "
"1"," Gran Canaria:23005     "
"1","
"
"1"," 1          :15779  "
"1"," De 24001 a 36000:17809  "
"1"," 1st Qu.:30.0  "
"1"," Mujer :41861  "
"1"," 1st Qu.:4.00  "
"1"," Lanzarote   :17484     "
"1","
"
"1"," 2          :10931  "
"1"," De 36001 a 48000:15169  "
"1"," Median :40.0  "
"1","               "
"1"," Median :4.00  "
"1"," Resto       :16602     "
"1","
"
"1"," Más de diez: 8564  "
"1"," De 48001 a 60000:13207  "
"1"," Mean   :41.2  "
"1","               "
"1"," Mean   :4.33  "
"1"," Tenerife    :33934     "
"1","
"
"1"," 3          : 8145  "
"1"," De 60001 a 72000: 8357  "
"1"," 3rd Qu.:50.0  "
"1","               "
"1"," 3rd Qu.:5.00  "
"1","                        "
"1","
"
"1"," 4          : 5917  "
"1"," De 72001 a 84000: 5507  "
"1"," Max.   :98.0  "
"1","               "
"1"," Max.   :5.00  "
"1","                        "
"1","
"
"1"," (Other)    :17058  "
"1"," Más de 84000    :14139  "
"1","               "
"1","               "
"1","               "
"1","                        "
"1","
"
"1","      AÑO      "
"1","
"
"1"," Min.   :2010  "
"1","
"
"1"," 1st Qu.:2011  "
"1","
"
"1"," Median :2013  "
"1","
"
"1"," Mean   :2013  "
"1","
"
"1"," 3rd Qu.:2015  "
"1","
"
"1"," Max.   :2017  "
"1","
"
"1","               "
"1","
"
"0","primer_df <- datos_filtrados_noNA %>% filter(datos_filtrados_noNA$AÑO <= 2014)"
"0","segundo_df <- datos_filtrados_noNA %>% filter(datos_filtrados_noNA$AÑO > 2014)"
"0","set.seed(1234)"
"0","primer_150 <- primer_df[sample(nrow(primer_df), 150), ]"
"0","segundo_150 <- segundo_df[sample(nrow(segundo_df), 150),]"
"0","rm(datos)"
"0","rm(datos_filtrados)"
"0","rm(datos_filtrados_noNA)"
"0","rm(primer_df)"
"0","rm(segundo_df)"
"0","## Vamos a proceder a realizar la limpieza del dataframe"
"0","str(primer_150)"
"1","'data.frame':	"
"1","150"
"1"," obs. of  "
"1","24"
"1"," variable"
"1","s"
"1",":"
"1","
"
"1"," "
"1","$ "
"1","VALORACION_ALOJ            "
"1",":"
"1"," int  "
"1","7 8 9 6 9 7 8 10 10 10"
"1"," ..."
"1","
"
"1"," "
"1","$ "
"1","VALORACION_TRATO_ALOJ      "
"1",":"
"1"," int  "
"1","6 8 8 8 9 6 9 10 10 10"
"1"," ..."
"1","
"
"1"," "
"1","$ "
"1","VALORACION_GASTRONO_ALOJ   "
"1",":"
"1"," int  "
"1","4 9 8 7 9 6 8 10 9 10"
"1"," ..."
"1","
"
"1"," "
"1","$ "
"1","VALORACION_CLIMA           "
"1",":"
"1"," int  "
"1","6 7 9 5 6 10 9 10 10 10"
"1"," ..."
"1","
"
"1"," "
"1","$ "
"1","VALORACION_ZONAS_BANYO     "
"1",":"
"1"," int  "
"1","9 6 9 10 9 10 9 7 8 10"
"1"," ..."
"1","
"
"1"," "
"1","$ "
"1","VALORACION_PAISAJES        "
"1",":"
"1"," int  "
"1","8 10 6 7 5 9 10 8 10 10"
"1"," ..."
"1","
"
"1"," "
"1","$ "
"1","VALORACION_MEDIO_AMBIENTE  "
"1",":"
"1"," int  "
"1","8 9 8 8 6 8 8 9 7 10"
"1"," ..."
"1","
"
"1"," "
"1","$ "
"1","VALORACION_TRANQUILIDAD    "
"1",":"
"1"," int  "
"1","8 9 7 9 8 7 8 10 9 10"
"1"," ..."
"1","
"
"1"," "
"1","$ "
"1","VALORACION_LIMPIEZA        "
"1",":"
"1"," int  "
"1","7 9 9 9 4 8 9 10 6 10"
"1"," ..."
"1","
"
"1"," "
"1","$ "
"1","VALORACION_CALIDAD_RESTAUR "
"1",":"
"1"," int  "
"1","6 8 9 7 4 9 6 10 9 10"
"1"," ..."
"1","
"
"1"," "
"1","$ "
"1","VALORACION_OFERTA_GASTR_LOC"
"1",":"
"1"," int  "
"1","6 8 7 7 4 9 5 10 8 10"
"1"," ..."
"1","
"
"1"," "
"1","$ "
"1","VALORACION_TRATO_RESTAUR   "
"1",":"
"1"," int  "
"1","6 8 9 8 5 5 6 10 9 10"
"1"," ..."
"1","
"
"1"," "
"1","$ "
"1","VALORACION_PRECIO_RESTAUR  "
"1",":"
"1"," int  "
"1","6 8 8 6 1 7 5 10 7 10"
"1"," ..."
"1","
"
"1"," "
"1","$ "
"1","ID                         "
"1",":"
"1"," int  "
"1","21290 204601 201965 204940 245322 208128 1605 135030 212428 184984"
"1"," ..."
"1","
"
"1"," "
"1","$ "
"1","AEROPUERTO                 "
"1",":"
"1"," Factor w/ 6 levels ""ACE"",""FUE"",""LPA"",..: "
"1","2 4 3 5 2 1 2 4 3 3"
"1"," ..."
"1","
"
"1"," "
"1","$ "
"1","PAIS_RESID_AGRUP           "
"1",":"
"1"," Factor w/ 4 levels ""Alemania"",""España"",..: "
"1","2 1 3 3 1 3 3 1 2 4"
"1"," ..."
"1","
"
"1"," "
"1","$ "
"1","NOCHES_PERNOCTADAS         "
"1",":"
"1"," int  "
"1","8 7 7 17 14 10 10 21 4 14"
"1"," ..."
"1","
"
"1"," "
"1","$ "
"1","VECES_TOTAL                "
"1",":"
"1"," Factor w/ 12 levels ""0"",""1"",""10"",""2"",..: "
"1","6 12 6 2 12 5 12 4 6 3"
"1"," ..."
"1","
"
"1"," "
"1","$ "
"1","INGRESOS                   "
"1",":"
"1"," Factor w/ 7 levels ""De 12000 a 24000"",..: "
"1","1 4 4 2 6 3 2 2 3 3"
"1"," ..."
"1","
"
"1"," "
"1","$ "
"1","EDAD                       "
"1",":"
"1"," int  "
"1","41 64 50 30 59 30 58 78 51 23"
"1"," ..."
"1","
"
"1"," "
"1","$ "
"1","SEXO                       "
"1",":"
"1"," Factor w/ 2 levels ""Hombre"",""Mujer"": "
"1","2 1 2 1 1 1 1 1 1 1"
"1"," ..."
"1","
"
"1"," "
"1","$ "
"1","IMPRESION                  "
"1",":"
"1"," int  "
"1","3 4 5 3 4 4 4 5 4 5"
"1"," ..."
"1","
"
"1"," "
"1","$ "
"1","ESTANCIA_MAYOR_ISLA_G2     "
"1",":"
"1"," Factor w/ 4 levels ""Gran Canaria"",..: "
"1","3 3 1 4 3 2 3 3 1 1"
"1"," ..."
"1","
"
"1"," "
"1","$ "
"1","AÑO                        "
"1",":"
"1"," int  "
"1","2014 2011 2011 2011 2010 2011 2014 2013 2011 2012"
"1"," ..."
"1","
"
"1"," "
"1","- attr(*, ""na.action"")="
"1"," 'omit' Named int  "
"1","2 3 4 5 8 9 10 11 12 14"
"1"," ..."
"1","
"
"1","  .."
"1","- attr(*, ""names"")="
"1"," chr  "
"1","""2"" ""3"" ""4"" ""5"""
"1"," ..."
"1","
"
"0","## Vamos a crear otro DF para realizar los clusters ##"
"0","primer_150_limpio <- primer_150[, c(-15, -16, -18, -21, -23)]"
"0","str(primer_150_limpio)"
"1","'data.frame':	"
"1","150"
"1"," obs. of  "
"1","19"
"1"," variable"
"1","s"
"1",":"
"1","
"
"1"," "
"1","$ "
"1","VALORACION_ALOJ            "
"1",":"
"1"," int  "
"1","7 8 9 6 9 7 8 10 10 10"
"1"," ..."
"1","
"
"1"," "
"1","$ "
"1","VALORACION_TRATO_ALOJ      "
"1",":"
"1"," int  "
"1","6 8 8 8 9 6 9 10 10 10"
"1"," ..."
"1","
"
"1"," "
"1","$ "
"1","VALORACION_GASTRONO_ALOJ   "
"1",":"
"1"," int  "
"1","4 9 8 7 9 6 8 10 9 10"
"1"," ..."
"1","
"
"1"," "
"1","$ "
"1","VALORACION_CLIMA           "
"1",":"
"1"," int  "
"1","6 7 9 5 6 10 9 10 10 10"
"1"," ..."
"1","
"
"1"," "
"1","$ "
"1","VALORACION_ZONAS_BANYO     "
"1",":"
"1"," int  "
"1","9 6 9 10 9 10 9 7 8 10"
"1"," ..."
"1","
"
"1"," "
"1","$ "
"1","VALORACION_PAISAJES        "
"1",":"
"1"," int  "
"1","8 10 6 7 5 9 10 8 10 10"
"1"," ..."
"1","
"
"1"," "
"1","$ "
"1","VALORACION_MEDIO_AMBIENTE  "
"1",":"
"1"," int  "
"1","8 9 8 8 6 8 8 9 7 10"
"1"," ..."
"1","
"
"1"," "
"1","$ "
"1","VALORACION_TRANQUILIDAD    "
"1",":"
"1"," int  "
"1","8 9 7 9 8 7 8 10 9 10"
"1"," ..."
"1","
"
"1"," "
"1","$ "
"1","VALORACION_LIMPIEZA        "
"1",":"
"1"," int  "
"1","7 9 9 9 4 8 9 10 6 10"
"1"," ..."
"1","
"
"1"," "
"1","$ "
"1","VALORACION_CALIDAD_RESTAUR "
"1",":"
"1"," int  "
"1","6 8 9 7 4 9 6 10 9 10"
"1"," ..."
"1","
"
"1"," "
"1","$ "
"1","VALORACION_OFERTA_GASTR_LOC"
"1",":"
"1"," int  "
"1","6 8 7 7 4 9 5 10 8 10"
"1"," ..."
"1","
"
"1"," "
"1","$ "
"1","VALORACION_TRATO_RESTAUR   "
"1",":"
"1"," int  "
"1","6 8 9 8 5 5 6 10 9 10"
"1"," ..."
"1","
"
"1"," "
"1","$ "
"1","VALORACION_PRECIO_RESTAUR  "
"1",":"
"1"," int  "
"1","6 8 8 6 1 7 5 10 7 10"
"1"," ..."
"1","
"
"1"," "
"1","$ "
"1","ID                         "
"1",":"
"1"," int  "
"1","21290 204601 201965 204940 245322 208128 1605 135030 212428 184984"
"1"," ..."
"1","
"
"1"," "
"1","$ "
"1","NOCHES_PERNOCTADAS         "
"1",":"
"1"," int  "
"1","8 7 7 17 14 10 10 21 4 14"
"1"," ..."
"1","
"
"1"," "
"1","$ "
"1","INGRESOS                   "
"1",":"
"1"," Factor w/ 7 levels ""De 12000 a 24000"",..: "
"1","1 4 4 2 6 3 2 2 3 3"
"1"," ..."
"1","
"
"1"," "
"1","$ "
"1","EDAD                       "
"1",":"
"1"," int  "
"1","41 64 50 30 59 30 58 78 51 23"
"1"," ..."
"1","
"
"1"," "
"1","$ "
"1","IMPRESION                  "
"1",":"
"1"," int  "
"1","3 4 5 3 4 4 4 5 4 5"
"1"," ..."
"1","
"
"1"," "
"1","$ "
"1","AÑO                        "
"1",":"
"1"," int  "
"1","2014 2011 2011 2011 2010 2011 2014 2013 2011 2012"
"1"," ..."
"1","
"
