"0","library(""dummies"")"
"0","ingresos = dummy(primer_150$INGRESOS)"
"0","i1=ingresos[,1]*((12000+24000)/2)"
"0","i2=ingresos[,2]*((24000 + 36000)/2)"
"0","i3=ingresos[,3]*((36001 +48000)/2)"
"0","i4=ingresos[,4]*((48001 + 60000)/2)"
"0","i5=ingresos[,5]*((60001+72000)/2)"
"0","i6=ingresos[,6]*((72001+84000)/2)"
"0","i7=ingresos[,7]*((84000+12000)/2)"
"0","ingresos=(i1+i2+i3+i4+i5+i6+i7)"
"0","head(ingresos)"
"1","[1]"
"1"," 18000.0"
"1"," 54000.5"
"1"," 54000.5"
"1"," 30000.0"
"1"," 78000.5"
"1"," 42000.5"
"1","
"
"0","primer_150_limpio$INGRESOS = ingresos"
"0","View(primer_150_limpio)"
"0","rownames(primer_150_limpio) <- primer_150_limpio$ID"
"0","primer_150_limpio$ID <- NULL"
"0","primer_150_limpio_sc <- scale(primer_150_limpio)"
"0","primer_150_limpio_sc"
"1","      "
"1"," VALORACION_ALOJ"
"1"," VALORACION_TRATO_ALOJ"
"1"," VALORACION_GASTRONO_ALOJ"
"1"," VALORACION_CLIMA"
"1"," VALORACION_ZONAS_BANYO"
"1"," VALORACION_PAISAJES"
"1","
  [1,]"
"1","     -0.67867583"
"1","            -1.4825120"
"1","               -1.8204021"
"1","       -2.0440026"
"1","             0.51769785"
"1","          -0.1435404"
"1","
  [2,]"
"1","     -0.05793574"
"1","            -0.2081464"
"1","                0.7556386"
"1","       -1.2697592"
"1","            -1.23391142"
"1","           0.9606167"
"1","
  [3,]"
"1","      0.56280434"
"1","            -0.2081464"
"1","                0.2404305"
"1","        0.2787276"
"1","             0.51769785"
"1","          -1.2476975"
"1","
  [4,]"
"1","     -1.29941591"
"1","            -0.2081464"
"1","               -0.2747777"
"1","       -2.8182460"
"1","             1.10156760"
"1","          -0.6956190"
"1","
  [5,]"
"1","      0.56280434"
"1","             0.4290364"
"1","                0.7556386"
"1","       -2.0440026"
"1","             0.51769785"
"1","          -1.7997761"
"1","
  [6,]"
"1","     -0.67867583"
"1","            -1.4825120"
"1","               -0.7899858"
"1","        1.0529710"
"1","             1.10156760"
"1","           0.4085381"
"1","
  [7,]"
"1","     -0.05793574"
"1","             0.4290364"
"1","                0.2404305"
"1","        0.2787276"
"1","             0.51769785"
"1","           0.9606167"
"1","
  [8,]"
"1","      1.18354443"
"1","             1.0662192"
"1","                1.2708468"
"1","        1.0529710"
"1","            -0.65004166"
"1","          -0.1435404"
"1","
  [9,]"
"1","      1.18354443"
"1","             1.0662192"
"1","                0.7556386"
"1","        1.0529710"
"1","            -0.06617191"
"1","           0.9606167"
"1","
 [10,]"
"1","      1.18354443"
"1","             1.0662192"
"1","                1.2708468"
"1","        1.0529710"
"1","             1.10156760"
"1","           0.9606167"
"1","
 [11,]"
"1","     -0.05793574"
"1","            -0.2081464"
"1","               -0.2747777"
"1","        1.0529710"
"1","            -0.06617191"
"1","           0.4085381"
"1","
 [12,]"
"1","     -1.29941591"
"1","            -1.4825120"
"1","               -0.2747777"
"1","       -2.8182460"
"1","            -2.98552068"
"1","          -2.9039332"
"1","
 [13,]"
"1","     -0.67867583"
"1","            -0.2081464"
"1","               -1.3051940"
"1","       -0.4955158"
"1","            -0.65004166"
"1","           0.9606167"
"1","
 [14,]"
"1","      1.18354443"
"1","             1.0662192"
"1","                1.2708468"
"1","        1.0529710"
"1","             1.10156760"
"1","           0.9606167"
"1","
 [15,]"
"1","     -0.67867583"
"1","             1.0662192"
"1","               -0.2747777"
"1","        1.0529710"
"1","             1.10156760"
"1","           0.9606167"
"1","
 [16,]"
"1","      1.18354443"
"1","             1.0662192"
"1","                1.2708468"
"1","       -0.4955158"
"1","            -1.23391142"
"1","           0.9606167"
"1","
 [17,]"
"1","     -1.29941591"
"1","            -0.2081464"
"1","               -0.2747777"
"1","        1.0529710"
"1","            -0.06617191"
"1","           0.9606167"
"1","
 [18,]"
"1","     -2.54089608"
"1","            -2.1196948"
"1","               -3.3660265"
"1","        1.0529710"
"1","             1.10156760"
"1","           0.9606167"
"1","
 [19,]"
"1","     -0.05793574"
"1","             1.0662192"
"1","                0.2404305"
"1","       -0.4955158"
"1","            -0.06617191"
"1","           0.4085381"
"1","
 [20,]"
"1","     -1.29941591"
"1","             0.4290364"
"1","               -1.8204021"
"1","        0.2787276"
"1","             0.51769785"
"1","           0.9606167"
"1","
 [21,]"
"1","     -0.67867583"
"1","            -1.4825120"
"1","                0.7556386"
"1","       -2.0440026"
"1","            -1.81778117"
"1","          -3.4560118"
"1","
 [22,]"
"1","     -0.05793574"
"1","             1.0662192"
"1","               -0.2747777"
"1","        0.2787276"
"1","             1.10156760"
"1","          -1.2476975"
"1","
 [23,]"
"1","     -0.05793574"
"1","             1.0662192"
"1","               -0.7899858"
"1","       -0.4955158"
"1","             1.10156760"
"1","           0.9606167"
"1","
 [24,]"
"1","      1.18354443"
"1","             1.0662192"
"1","                1.2708468"
"1","        1.0529710"
"1","            -1.23391142"
"1","          -0.1435404"
"1","
 [25,]"
"1","     -1.29941591"
"1","            -2.1196948"
"1","               -1.3051940"
"1","       -0.4955158"
"1","             1.10156760"
"1","           0.4085381"
"1","
 [26,]"
"1","      0.56280434"
"1","             1.0662192"
"1","               -1.3051940"
"1","        1.0529710"
"1","            -0.06617191"
"1","          -1.2476975"
"1","
 [27,]"
"1","     -2.54089608"
"1","            -1.4825120"
"1","               -0.7899858"
"1","       -0.4955158"
"1","            -0.65004166"
"1","          -0.1435404"
"1","
 [28,]"
"1","     -0.67867583"
"1","            -0.8453292"
"1","               -0.2747777"
"1","        0.2787276"
"1","            -0.06617191"
"1","          -0.1435404"
"1","
 [29,]"
"1","      0.56280434"
"1","             0.4290364"
"1","                0.7556386"
"1","        1.0529710"
"1","            -0.65004166"
"1","          -0.1435404"
"1","
 [30,]"
"1","     -4.40311634"
"1","            -3.3940604"
"1","               -1.8204021"
"1","        1.0529710"
"1","            -0.06617191"
"1","          -0.6956190"
"1","
 [31,]"
"1","     -0.67867583"
"1","             0.4290364"
"1","               -0.2747777"
"1","        0.2787276"
"1","            -0.65004166"
"1","          -0.1435404"
"1","
 [32,]"
"1","     -0.05793574"
"1","            -0.2081464"
"1","                0.7556386"
"1","        0.2787276"
"1","             0.51769785"
"1","          -0.1435404"
"1","
 [33,]"
"1","     -0.05793574"
"1","            -0.2081464"
"1","                0.2404305"
"1","       -0.4955158"
"1","            -0.06617191"
"1","           0.4085381"
"1","
 [34,]"
"1","     -0.67867583"
"1","            -0.2081464"
"1","                0.2404305"
"1","        0.2787276"
"1","            -0.06617191"
"1","          -0.1435404"
"1","
 [35,]"
"1","      0.56280434"
"1","             0.4290364"
"1","                0.2404305"
"1","        0.2787276"
"1","             0.51769785"
"1","           0.9606167"
"1","
 [36,]"
"1","     -0.67867583"
"1","             0.4290364"
"1","               -1.8204021"
"1","       -1.2697592"
"1","            -0.06617191"
"1","          -1.2476975"
"1","
 [37,]"
"1","     -0.67867583"
"1","            -0.8453292"
"1","               -1.3051940"
"1","       -0.4955158"
"1","            -1.23391142"
"1","          -0.6956190"
"1","
 [38,]"
"1","      1.18354443"
"1","             1.0662192"
"1","                1.2708468"
"1","       -2.0440026"
"1","             1.10156760"
"1","          -2.9039332"
"1","
 [39,]"
"1","      1.18354443"
"1","            -0.2081464"
"1","                1.2708468"
"1","        0.2787276"
"1","             0.51769785"
"1","          -0.1435404"
"1","
 [40,]"
"1","      1.18354443"
"1","             1.0662192"
"1","                1.2708468"
"1","        1.0529710"
"1","            -0.06617191"
"1","          -0.1435404"
"1","
 [41,]"
"1","     -2.54089608"
"1","            -1.4825120"
"1","                0.2404305"
"1","       -1.2697592"
"1","            -0.06617191"
"1","          -0.1435404"
"1","
 [42,]"
"1","      0.56280434"
"1","             1.0662192"
"1","               -0.2747777"
"1","        0.2787276"
"1","             0.51769785"
"1","           0.4085381"
"1","
 [43,]"
"1","      1.18354443"
"1","             1.0662192"
"1","                1.2708468"
"1","        1.0529710"
"1","             1.10156760"
"1","          -0.1435404"
"1","
 [44,]"
"1","      0.56280434"
"1","             0.4290364"
"1","                1.2708468"
"1","        0.2787276"
"1","             1.10156760"
"1","           0.4085381"
"1","
 [45,]"
"1","     -0.05793574"
"1","            -0.2081464"
"1","               -0.2747777"
"1","        0.2787276"
"1","             0.51769785"
"1","          -0.1435404"
"1","
 [46,]"
"1","     -0.05793574"
"1","            -0.2081464"
"1","               -0.2747777"
"1","        0.2787276"
"1","             0.51769785"
"1","          -2.9039332"
"1","
 [47,]"
"1","      1.18354443"
"1","             1.0662192"
"1","                1.2708468"
"1","        0.2787276"
"1","             1.10156760"
"1","           0.9606167"
"1","
 [48,]"
"1","      1.18354443"
"1","             1.0662192"
"1","                1.2708468"
"1","        1.0529710"
"1","             1.10156760"
"1","           0.9606167"
"1","
 [49,]"
"1","     -0.05793574"
"1","             0.4290364"
"1","                0.2404305"
"1","       -0.4955158"
"1","            -1.23391142"
"1","           0.4085381"
"1","
 [50,]"
"1","     -0.05793574"
"1","            -2.1196948"
"1","               -0.2747777"
"1","       -0.4955158"
"1","            -0.06617191"
"1","          -1.2476975"
"1","
 [51,]"
"1","     -0.05793574"
"1","            -0.2081464"
"1","               -0.2747777"
"1","        1.0529710"
"1","            -0.06617191"
"1","           0.9606167"
"1","
 [52,]"
"1","      1.18354443"
"1","             1.0662192"
"1","                1.2708468"
"1","        1.0529710"
"1","             1.10156760"
"1","           0.9606167"
"1","
 [53,]"
"1","      1.18354443"
"1","             1.0662192"
"1","                0.2404305"
"1","       -2.0440026"
"1","            -0.65004166"
"1","          -0.1435404"
"1","
 [54,]"
"1","     -0.67867583"
"1","            -0.8453292"
"1","               -0.2747777"
"1","        1.0529710"
"1","             1.10156760"
"1","           0.9606167"
"1","
 [55,]"
"1","     -0.05793574"
"1","             1.0662192"
"1","               -1.8204021"
"1","        0.2787276"
"1","             1.10156760"
"1","           0.9606167"
"1","
"
"1","      "
"1"," VALORACION_MEDIO_AMBIENTE"
"1"," VALORACION_TRANQUILIDAD"
"1"," VALORACION_LIMPIEZA"
"1"," VALORACION_CALIDAD_RESTAUR"
"1"," VALORACION_OFERTA_GASTR_LOC"
"1","
  [1,]"
"1","                0.01960276"
"1","             -0.07416755"
"1","         -0.47060469"
"1","                 -1.0219837"
"1","                  -0.8599128"
"1","
  [2,]"
"1","                0.60768557"
"1","              0.51136575"
"1","          0.61540614"
"1","                  0.1946636"
"1","                   0.2765358"
"1","
  [3,]"
"1","                0.01960276"
"1","             -0.65970086"
"1","          0.61540614"
"1","                  0.8029872"
"1","                  -0.2916885"
"1","
  [4,]"
"1","                0.01960276"
"1","              0.51136575"
"1","          0.61540614"
"1","                 -0.4136601"
"1","                  -0.2916885"
"1","
  [5,]"
"1","               -1.15656286"
"1","             -0.07416755"
"1","         -2.09962094"
"1","                 -2.2386309"
"1","                  -1.9963615"
"1","
  [6,]"
"1","                0.01960276"
"1","             -0.65970086"
"1","          0.07240072"
"1","                  0.8029872"
"1","                   0.8447602"
"1","
  [7,]"
"1","                0.01960276"
"1","             -0.07416755"
"1","          0.61540614"
"1","                 -1.0219837"
"1","                  -1.4281372"
"1","
  [8,]"
"1","                0.60768557"
"1","              1.09689906"
"1","          1.15841155"
"1","                  1.4113108"
"1","                   1.4129845"
"1","
  [9,]"
"1","               -0.56848005"
"1","              0.51136575"
"1","         -1.01361011"
"1","                  0.8029872"
"1","                   0.2765358"
"1","
 [10,]"
"1","                1.19576838"
"1","              1.09689906"
"1","          1.15841155"
"1","                  1.4113108"
"1","                   1.4129845"
"1","
 [11,]"
"1","                0.01960276"
"1","             -0.07416755"
"1","          0.07240072"
"1","                 -0.4136601"
"1","                  -0.2916885"
"1","
 [12,]"
"1","               -1.15656286"
"1","             -1.83076747"
"1","         -0.47060469"
"1","                  0.1946636"
"1","                  -2.5645858"
"1","
 [13,]"
"1","                0.01960276"
"1","             -0.07416755"
"1","          0.07240072"
"1","                 -1.0219837"
"1","                  -0.8599128"
"1","
 [14,]"
"1","               -0.56848005"
"1","              0.51136575"
"1","         -0.47060469"
"1","                  0.1946636"
"1","                  -0.2916885"
"1","
 [15,]"
"1","                1.19576838"
"1","              1.09689906"
"1","          1.15841155"
"1","                  0.1946636"
"1","                   0.2765358"
"1","
 [16,]"
"1","                1.19576838"
"1","              0.51136575"
"1","          0.61540614"
"1","                 -0.4136601"
"1","                  -0.2916885"
"1","
 [17,]"
"1","                1.19576838"
"1","             -1.83076747"
"1","          0.07240072"
"1","                 -0.4136601"
"1","                   0.8447602"
"1","
 [18,]"
"1","                1.19576838"
"1","             -0.07416755"
"1","          1.15841155"
"1","                  0.1946636"
"1","                   1.4129845"
"1","
 [19,]"
"1","                0.60768557"
"1","              0.51136575"
"1","          1.15841155"
"1","                  0.1946636"
"1","                  -0.2916885"
"1","
 [20,]"
"1","                1.19576838"
"1","              1.09689906"
"1","          1.15841155"
"1","                 -0.4136601"
"1","                  -0.2916885"
"1","
 [21,]"
"1","               -1.74464567"
"1","             -0.07416755"
"1","          0.07240072"
"1","                 -0.4136601"
"1","                  -0.2916885"
"1","
 [22,]"
"1","                0.01960276"
"1","              1.09689906"
"1","         -0.47060469"
"1","                  0.8029872"
"1","                   1.4129845"
"1","
 [23,]"
"1","                1.19576838"
"1","              1.09689906"
"1","          1.15841155"
"1","                  0.1946636"
"1","                  -0.2916885"
"1","
 [24,]"
"1","                1.19576838"
"1","              1.09689906"
"1","          1.15841155"
"1","                  1.4113108"
"1","                   1.4129845"
"1","
 [25,]"
"1","               -0.56848005"
"1","             -0.07416755"
"1","         -0.47060469"
"1","                  0.1946636"
"1","                  -1.9963615"
"1","
 [26,]"
"1","               -1.15656286"
"1","              0.51136575"
"1","         -1.01361011"
"1","                  0.1946636"
"1","                   0.2765358"
"1","
 [27,]"
"1","               -0.56848005"
"1","             -0.07416755"
"1","         -2.64262636"
"1","                 -2.8469545"
"1","                  -0.2916885"
"1","
 [28,]"
"1","               -0.56848005"
"1","             -0.65970086"
"1","         -0.47060469"
"1","                 -1.0219837"
"1","                  -1.9963615"
"1","
 [29,]"
"1","               -1.74464567"
"1","             -0.07416755"
"1","         -1.55661552"
"1","                  0.1946636"
"1","                   0.2765358"
"1","
 [30,]"
"1","               -0.56848005"
"1","             -0.65970086"
"1","         -0.47060469"
"1","                  0.1946636"
"1","                   0.2765358"
"1","
 [31,]"
"1","               -1.74464567"
"1","             -3.58736739"
"1","         -2.09962094"
"1","                 -1.6303073"
"1","                  -0.2916885"
"1","
 [32,]"
"1","               -1.74464567"
"1","             -2.41630078"
"1","         -2.64262636"
"1","                 -1.6303073"
"1","                   0.8447602"
"1","
 [33,]"
"1","                0.01960276"
"1","              0.51136575"
"1","          0.07240072"
"1","                  0.1946636"
"1","                   0.8447602"
"1","
 [34,]"
"1","                0.01960276"
"1","             -0.07416755"
"1","          0.07240072"
"1","                 -0.4136601"
"1","                  -0.2916885"
"1","
 [35,]"
"1","                0.60768557"
"1","              0.51136575"
"1","          1.15841155"
"1","                  0.8029872"
"1","                   0.2765358"
"1","
 [36,]"
"1","               -1.15656286"
"1","             -0.65970086"
"1","         -0.47060469"
"1","                  0.1946636"
"1","                  -0.2916885"
"1","
 [37,]"
"1","               -1.15656286"
"1","             -0.65970086"
"1","         -1.01361011"
"1","                 -0.4136601"
"1","                  -0.2916885"
"1","
 [38,]"
"1","               -1.15656286"
"1","              1.09689906"
"1","          1.15841155"
"1","                 -0.4136601"
"1","                  -0.8599128"
"1","
 [39,]"
"1","                0.60768557"
"1","              0.51136575"
"1","          1.15841155"
"1","                  0.8029872"
"1","                   0.8447602"
"1","
 [40,]"
"1","                0.01960276"
"1","              1.09689906"
"1","          0.61540614"
"1","                  0.8029872"
"1","                   1.4129845"
"1","
 [41,]"
"1","               -0.56848005"
"1","              0.51136575"
"1","         -1.01361011"
"1","                 -1.0219837"
"1","                  -0.2916885"
"1","
 [42,]"
"1","                0.60768557"
"1","              1.09689906"
"1","          0.61540614"
"1","                  0.8029872"
"1","                   0.2765358"
"1","
 [43,]"
"1","                0.01960276"
"1","              1.09689906"
"1","          1.15841155"
"1","                  1.4113108"
"1","                   1.4129845"
"1","
 [44,]"
"1","                0.60768557"
"1","              1.09689906"
"1","          1.15841155"
"1","                  0.8029872"
"1","                   0.8447602"
"1","
 [45,]"
"1","                0.60768557"
"1","             -0.07416755"
"1","          0.07240072"
"1","                  0.1946636"
"1","                  -0.2916885"
"1","
 [46,]"
"1","               -1.15656286"
"1","             -1.24523417"
"1","         -1.01361011"
"1","                  0.1946636"
"1","                  -0.8599128"
"1","
 [47,]"
"1","                1.19576838"
"1","              1.09689906"
"1","          0.61540614"
"1","                  1.4113108"
"1","                   1.4129845"
"1","
 [48,]"
"1","               -1.74464567"
"1","              1.09689906"
"1","         -1.55661552"
"1","                  1.4113108"
"1","                   1.4129845"
"1","
 [49,]"
"1","                0.01960276"
"1","             -0.07416755"
"1","          0.07240072"
"1","                  0.1946636"
"1","                   0.2765358"
"1","
 [50,]"
"1","               -2.33272848"
"1","             -1.24523417"
"1","         -1.55661552"
"1","                 -1.6303073"
"1","                  -1.4281372"
"1","
 [51,]"
"1","                1.19576838"
"1","              0.51136575"
"1","          0.61540614"
"1","                  0.1946636"
"1","                   0.2765358"
"1","
 [52,]"
"1","                1.19576838"
"1","              1.09689906"
"1","          1.15841155"
"1","                  1.4113108"
"1","                   1.4129845"
"1","
 [53,]"
"1","                0.01960276"
"1","              1.09689906"
"1","          1.15841155"
"1","                  0.1946636"
"1","                  -0.2916885"
"1","
 [54,]"
"1","                1.19576838"
"1","             -1.83076747"
"1","          1.15841155"
"1","                  0.1946636"
"1","                   0.2765358"
"1","
 [55,]"
"1","                0.60768557"
"1","             -0.07416755"
"1","          1.15841155"
"1","                 -0.4136601"
"1","                  -0.8599128"
"1","
"
"1","      "
"1"," VALORACION_TRATO_RESTAUR"
"1"," VALORACION_PRECIO_RESTAUR"
"1"," NOCHES_PERNOCTADAS"
"1","   INGRESOS"
"1","         EDAD"
"1","  IMPRESION"
"1","        AÑO"
"1","
  [1,]"
"1","               -1.4022129"
"1","                -0.8114340"
"1","        -0.32186523"
"1"," -1.3133771"
"1","  0.004960232"
"1"," -1.5359579"
"1","  1.2757089"
"1","
  [2,]"
"1","               -0.1157790"
"1","                 0.3818513"
"1","        -0.52136848"
"1","  0.8960520"
"1","  1.716240288"
"1"," -0.3233596"
"1"," -0.8194334"
"1","
  [3,]"
"1","                0.5274379"
"1","                 0.3818513"
"1","        -0.52136848"
"1","  0.8960520"
"1","  0.674591558"
"1","  0.8892388"
"1"," -0.8194334"
"1","
  [4,]"
"1","               -0.1157790"
"1","                -0.8114340"
"1","         1.47366396"
"1"," -0.5769110"
"1"," -0.813478056"
"1"," -1.5359579"
"1"," -0.8194334"
"1","
  [5,]"
"1","               -2.0454298"
"1","                -3.7946471"
"1","         0.87515423"
"1","  2.3689843"
"1","  1.344222884"
"1"," -0.3233596"
"1"," -1.5178142"
"1","
  [6,]"
"1","               -2.0454298"
"1","                -0.2147913"
"1","         0.07714125"
"1","  0.1595859"
"1"," -0.813478056"
"1"," -0.3233596"
"1"," -0.8194334"
"1","
  [7,]"
"1","               -1.4022129"
"1","                -1.4080766"
"1","         0.07714125"
"1"," -0.5769110"
"1","  1.269819404"
"1"," -0.3233596"
"1","  1.2757089"
"1","
  [8,]"
"1","                1.1706548"
"1","                 1.5751365"
"1","         2.27167694"
"1"," -0.5769110"
"1","  2.757889017"
"1","  0.8892388"
"1","  0.5773281"
"1","
  [9,]"
"1","                0.5274379"
"1","                -0.2147913"
"1","        -1.11987821"
"1","  0.1595859"
"1","  0.748995039"
"1"," -0.3233596"
"1"," -0.8194334"
"1","
 [10,]"
"1","                1.1706548"
"1","                 1.5751365"
"1","         0.87515423"
"1","  0.1595859"
"1"," -1.334302420"
"1","  0.8892388"
"1"," -0.1210527"
"1","
 [11,]"
"1","               -1.4022129"
"1","                -1.4080766"
"1","        -0.52136848"
"1"," -0.5769110"
"1"," -1.111091978"
"1","  0.8892388"
"1"," -0.8194334"
"1","
 [12,]"
"1","               -1.4022129"
"1","                 0.3818513"
"1","        -0.32186523"
"1","  0.8960520"
"1","  0.004960232"
"1"," -0.3233596"
"1"," -0.1210527"
"1","
 [13,]"
"1","               -0.7589960"
"1","                 0.3818513"
"1","        -0.92037497"
"1","  0.1595859"
"1","  0.079363713"
"1"," -0.3233596"
"1","  0.5773281"
"1","
 [14,]"
"1","               -0.1157790"
"1","                -1.4080766"
"1","         0.87515423"
"1","  0.8960520"
"1","  0.079363713"
"1","  0.8892388"
"1"," -1.5178142"
"1","
 [15,]"
"1","                1.1706548"
"1","                 0.3818513"
"1","         0.07714125"
"1"," -1.3133771"
"1"," -0.887881536"
"1","  0.8892388"
"1","  0.5773281"
"1","
 [16,]"
"1","                1.1706548"
"1","                 0.9784939"
"1","        -0.92037497"
"1","  0.5277883"
"1","  0.748995039"
"1"," -3.9611546"
"1"," -1.5178142"
"1","
 [17,]"
"1","                1.1706548"
"1","                 1.5751365"
"1","         0.07714125"
"1"," -1.3133771"
"1"," -1.185495459"
"1","  0.8892388"
"1","  0.5773281"
"1","
 [18,]"
"1","                1.1706548"
"1","                -0.8114340"
"1","        -0.52136848"
"1","  0.1595859"
"1"," -0.367057171"
"1"," -0.3233596"
"1","  0.5773281"
"1","
 [19,]"
"1","                1.1706548"
"1","                 0.9784939"
"1","        -0.52136848"
"1","  1.6325182"
"1"," -0.143846729"
"1","  0.8892388"
"1","  1.2757089"
"1","
 [20,]"
"1","                0.5274379"
"1","                 0.3818513"
"1","        -0.32186523"
"1"," -1.3133771"
"1","  1.195415923"
"1","  0.8892388"
"1","  0.5773281"
"1","
 [21,]"
"1","               -1.4022129"
"1","                -0.8114340"
"1","        -0.92037497"
"1","  0.1595859"
"1"," -1.111091978"
"1"," -1.5359579"
"1","  0.5773281"
"1","
 [22,]"
"1","               -0.1157790"
"1","                 0.9784939"
"1","         0.67565099"
"1","  0.1595859"
"1"," -0.367057171"
"1","  0.8892388"
"1","  0.5773281"
"1","
 [23,]"
"1","                1.1706548"
"1","                -0.2147913"
"1","         0.07714125"
"1","  0.1595859"
"1","  2.013854211"
"1"," -0.3233596"
"1","  1.2757089"
"1","
 [24,]"
"1","                1.1706548"
"1","                 0.3818513"
"1","        -0.72087172"
"1","  0.5277883"
"1","  0.376977635"
"1"," -0.3233596"
"1","  1.2757089"
"1","
 [25,]"
"1","               -2.0454298"
"1","                 0.9784939"
"1","        -0.52136848"
"1","  0.5277883"
"1","  0.972205481"
"1"," -0.3233596"
"1","  0.5773281"
"1","
 [26,]"
"1","                1.1706548"
"1","                -0.8114340"
"1","        -0.52136848"
"1","  0.5277883"
"1"," -0.143846729"
"1"," -3.9611546"
"1"," -1.5178142"
"1","
 [27,]"
"1","               -1.4022129"
"1","                -0.2147913"
"1","        -0.52136848"
"1","  0.8960520"
"1"," -0.739074575"
"1"," -1.5359579"
"1"," -0.1210527"
"1","
 [28,]"
"1","               -1.4022129"
"1","                -0.2147913"
"1","         2.27167694"
"1","  0.1595859"
"1"," -0.292653691"
"1"," -0.3233596"
"1"," -1.5178142"
"1","
 [29,]"
"1","               -0.1157790"
"1","                 0.3818513"
"1","        -0.52136848"
"1"," -0.5769110"
"1"," -0.069443249"
"1"," -2.7485562"
"1"," -1.5178142"
"1","
 [30,]"
"1","                0.5274379"
"1","                 0.3818513"
"1","        -0.52136848"
"1"," -0.5769110"
"1"," -0.887881536"
"1","  0.8892388"
"1","  1.2757089"
"1","
 [31,]"
"1","                0.5274379"
"1","                -2.0047192"
"1","         1.67316721"
"1","  2.3689843"
"1","  1.716240288"
"1"," -1.5359579"
"1"," -0.1210527"
"1","
 [32,]"
"1","               -0.1157790"
"1","                -0.2147913"
"1","        -0.32186523"
"1"," -1.3133771"
"1"," -1.408705901"
"1"," -0.3233596"
"1","  0.5773281"
"1","
 [33,]"
"1","                0.5274379"
"1","                 1.5751365"
"1","        -0.52136848"
"1","  0.1595859"
"1"," -1.111091978"
"1","  0.8892388"
"1","  0.5773281"
"1","
 [34,]"
"1","               -0.1157790"
"1","                -0.2147913"
"1","         0.87515423"
"1","  1.6325182"
"1","  0.674591558"
"1"," -0.3233596"
"1"," -0.1210527"
"1","
 [35,]"
"1","               -0.1157790"
"1","                 0.9784939"
"1","        -0.52136848"
"1","  1.6325182"
"1","  0.674591558"
"1"," -0.3233596"
"1","  1.2757089"
"1","
 [36,]"
"1","                0.5274379"
"1","                -0.2147913"
"1","         0.07714125"
"1","  0.1595859"
"1"," -0.143846729"
"1"," -0.3233596"
"1"," -0.8194334"
"1","
 [37,]"
"1","               -0.1157790"
"1","                -0.2147913"
"1","        -0.52136848"
"1"," -0.5769110"
"1"," -1.185495459"
"1"," -0.3233596"
"1","  1.2757089"
"1","
 [38,]"
"1","               -0.1157790"
"1","                 0.3818513"
"1","         0.07714125"
"1","  0.5277883"
"1"," -0.218250210"
"1"," -0.3233596"
"1","  0.5773281"
"1","
 [39,]"
"1","                0.5274379"
"1","                -0.8114340"
"1","        -0.52136848"
"1","  0.5277883"
"1","  0.004960232"
"1","  0.8892388"
"1"," -1.5178142"
"1","
 [40,]"
"1","                1.1706548"
"1","                 1.5751365"
"1","         0.87515423"
"1"," -0.5769110"
"1","  1.716240288"
"1"," -3.9611546"
"1"," -1.5178142"
"1","
 [41,]"
"1","                1.1706548"
"1","                -0.8114340"
"1","        -0.52136848"
"1"," -1.3133771"
"1"," -1.036688498"
"1"," -0.3233596"
"1"," -0.1210527"
"1","
 [42,]"
"1","                0.5274379"
"1","                 0.3818513"
"1","        -0.52136848"
"1","  1.6325182"
"1"," -0.962285017"
"1","  0.8892388"
"1"," -0.8194334"
"1","
 [43,]"
"1","                1.1706548"
"1","                 0.3818513"
"1","        -0.52136848"
"1"," -0.5769110"
"1"," -0.515864133"
"1","  0.8892388"
"1","  0.5773281"
"1","
 [44,]"
"1","                0.5274379"
"1","                 0.9784939"
"1","         0.87515423"
"1"," -0.5769110"
"1","  2.460275095"
"1","  0.8892388"
"1"," -0.8194334"
"1","
 [45,]"
"1","                0.5274379"
"1","                -0.2147913"
"1","        -1.31938145"
"1","  0.5277883"
"1","  0.153767193"
"1"," -0.3233596"
"1","  0.5773281"
"1","
 [46,]"
"1","               -0.7589960"
"1","                -0.8114340"
"1","         0.47614774"
"1","  0.5277883"
"1","  0.153767193"
"1"," -0.3233596"
"1"," -0.1210527"
"1","
 [47,]"
"1","                1.1706548"
"1","                 1.5751365"
"1","        -1.11987821"
"1"," -1.3133771"
"1"," -1.334302420"
"1","  0.8892388"
"1"," -0.8194334"
"1","
 [48,]"
"1","                1.1706548"
"1","                 1.5751365"
"1","         0.07714125"
"1","  0.8960520"
"1","  0.153767193"
"1","  0.8892388"
"1"," -0.1210527"
"1","
 [49,]"
"1","               -0.1157790"
"1","                 0.3818513"
"1","        -0.52136848"
"1"," -0.5769110"
"1","  1.641836807"
"1"," -0.3233596"
"1","  0.5773281"
"1","
 [50,]"
"1","               -0.1157790"
"1","                -0.8114340"
"1","        -0.32186523"
"1","  2.3689843"
"1","  0.004960232"
"1"," -0.3233596"
"1"," -0.8194334"
"1","
 [51,]"
"1","                0.5274379"
"1","                 0.9784939"
"1","        -0.52136848"
"1"," -0.5769110"
"1","  0.004960232"
"1","  0.8892388"
"1","  1.2757089"
"1","
 [52,]"
"1","                1.1706548"
"1","                 1.5751365"
"1","         0.07714125"
"1","  0.1595859"
"1"," -0.515864133"
"1","  0.8892388"
"1","  0.5773281"
"1","
 [53,]"
"1","                1.1706548"
"1","                 0.3818513"
"1","        -0.72087172"
"1"," -0.5769110"
"1","  0.525784597"
"1","  0.8892388"
"1"," -0.8194334"
"1","
 [54,]"
"1","                1.1706548"
"1","                -0.2147913"
"1","        -0.52136848"
"1"," -1.3133771"
"1","  0.451381116"
"1"," -0.3233596"
"1"," -0.1210527"
"1","
 [55,]"
"1","                0.5274379"
"1","                -0.8114340"
"1","        -0.72087172"
"1"," -0.5769110"
"1"," -0.664671094"
"1","  0.8892388"
"1","  1.2757089"
"1","
"
"1"," [ reached getOption(""max.print"") -- omitted 95 rows ]
"
"1","attr(,""scaled:center"")"
"1","
"
"1","            VALORACION_ALOJ "
"1","      VALORACION_TRATO_ALOJ "
"1","   VALORACION_GASTRONO_ALOJ "
"1","           VALORACION_CLIMA "
"1","     VALORACION_ZONAS_BANYO "
"1","
"
"1","                   8.093333 "
"1","                   8.326667 "
"1","                   7.533333 "
"1","                   8.640000 "
"1","                   8.113333 "
"1","
"
"1","        VALORACION_PAISAJES "
"1","  VALORACION_MEDIO_AMBIENTE "
"1","    VALORACION_TRANQUILIDAD "
"1","        VALORACION_LIMPIEZA "
"1"," VALORACION_CALIDAD_RESTAUR "
"1","
"
"1","                   8.260000 "
"1","                   7.966667 "
"1","                   8.126667 "
"1","                   7.866667 "
"1","                   7.680000 "
"1","
"
"1","VALORACION_OFERTA_GASTR_LOC "
"1","   VALORACION_TRATO_RESTAUR "
"1","  VALORACION_PRECIO_RESTAUR "
"1","         NOCHES_PERNOCTADAS "
"1","                   INGRESOS "
"1","
"
"1","                   7.513333 "
"1","                   8.180000 "
"1","                   7.360000 "
"1","                   9.613333 "
"1","               39400.203333 "
"1","
"
"1","                       EDAD "
"1","                  IMPRESION "
"1","                        AÑO "
"1","
"
"1","                  40.933333 "
"1","                   4.266667 "
"1","                2012.173333 "
"1","
"
"1","attr(,""scaled:scale"")"
"1","
"
"1","            VALORACION_ALOJ "
"1","      VALORACION_TRATO_ALOJ "
"1","   VALORACION_GASTRONO_ALOJ "
"1","           VALORACION_CLIMA "
"1","     VALORACION_ZONAS_BANYO "
"1","
"
"1","               1.610980e+00 "
"1","               1.569408e+00 "
"1","               1.940963e+00 "
"1","               1.291583e+00 "
"1","               1.712711e+00 "
"1","
"
"1","        VALORACION_PAISAJES "
"1","  VALORACION_MEDIO_AMBIENTE "
"1","    VALORACION_TRANQUILIDAD "
"1","        VALORACION_LIMPIEZA "
"1"," VALORACION_CALIDAD_RESTAUR "
"1","
"
"1","               1.811336e+00 "
"1","               1.700441e+00 "
"1","               1.707845e+00 "
"1","               1.841602e+00 "
"1","               1.643862e+00 "
"1","
"
"1","VALORACION_OFERTA_GASTR_LOC "
"1","   VALORACION_TRATO_RESTAUR "
"1","  VALORACION_PRECIO_RESTAUR "
"1","         NOCHES_PERNOCTADAS "
"1","                   INGRESOS "
"1","
"
"1","               1.759868e+00 "
"1","               1.554685e+00 "
"1","               1.676045e+00 "
"1","               5.012450e+00 "
"1","               1.629403e+04 "
"1","
"
"1","                       EDAD "
"1","                  IMPRESION "
"1","                        AÑO "
"1","
"
"1","               1.344023e+01 "
"1","               8.246754e-01 "
"1","               1.431884e+00 "
"1","
"
"0","Alojamiento_general = (primer_150$VALORACION_ALOJ + "
"0","                         primer_150$VALORACION_TRATO_ALOJ + "
"0","                         primer_150$VALORACION_GASTRONO_ALOJ) /3"
"0","Entorno_general = (primer_150$VALORACION_CLIMA +"
"0","                     primer_150$VALORACION_ZONAS_BANYO + primer_150$VALORACION_PAISAJES + "
"0","                     primer_150$VALORACION_MEDIO_AMBIENTE + primer_150$VALORACION_TRANQUILIDAD +"
"0","                     primer_150$VALORACION_LIMPIEZA) / 6"
"0","Restaurante_general = (primer_150$VALORACION_CALIDAD_RESTAUR + "
"0","                         primer_150$VALORACION_OFERTA_GASTR_LOC + "
"0","                         primer_150$VALORACION_TRATO_RESTAUR +"
"0","                         primer_150$VALORACION_PRECIO_RESTAUR) / 4"
"0","str(Alojamiento_general)"
"1"," num [1:150] "
"1","5.67 8.33 8.33 7 9"
"1"," ..."
"1","
"
"0","primer_150_unido <- data.frame(primer_150$IMPRESION, Alojamiento_general, Restaurante_general,Entorno_general,"
"0","                                ingresos, primer_150$EDAD)"
"0","primer_150_sca <- scale(primer_150_unido)"
"0","#analisis de componentes principales necesita que estÃ© todo en una misma magnitud"
"0","str(primer_150_unido)"
"1","'data.frame':	"
"1","150"
"1"," obs. of  "
"1","6"
"1"," variable"
"1","s"
"1",":"
"1","
"
"1"," "
"1","$ "
"1","primer_150.IMPRESION"
"1",":"
"1"," int  "
"1","3 4 5 3 4 4 4 5 4 5"
"1"," ..."
"1","
"
"1"," "
"1","$ "
"1","Alojamiento_general "
"1",":"
"1"," num  "
"1","5.67 8.33 8.33 7 9"
"1"," ..."
"1","
"
"1"," "
"1","$ "
"1","Restaurante_general "
"1",":"
"1"," num  "
"1","6 8 8.25 7 3.5 7.5 5.5 10 8.25 10"
"1"," ..."
"1","
"
"1"," "
"1","$ "
"1","Entorno_general     "
"1",":"
"1"," num  "
"1","7.67 8.33 8 8 6.33"
"1"," ..."
"1","
"
"1"," "
"1","$ "
"1","ingresos            "
"1",":"
"1"," num  "
"1","18000 54001 54001 30000 78001"
"1"," ..."
"1","
"
"1"," "
"1","$ "
"1","primer_150.EDAD     "
"1",":"
"1"," int  "
"1","41 64 50 30 59 30 58 78 51 23"
"1"," ..."
"1","
"
"0","library(factoextra)"
"0","library(FactoMineR)"
"0","library(dplyr)"
"0","#Analizamos las estructuras de los dos datas"
"0","str(primer_150)"
"1","'data.frame':	"
"1","150"
"1"," obs. of  "
"1","24"
"1"," variable"
"1","s"
"1",":"
"1","
"
"1"," "
"1","$ "
"1","VALORACION_ALOJ            "
"1",":"
"1"," int  "
"1","7 8 9 6 9 7 8 10 10 10"
"1"," ..."
"1","
"
"1"," "
"1","$ "
"1","VALORACION_TRATO_ALOJ      "
"1",":"
"1"," int  "
"1","6 8 8 8 9 6 9 10 10 10"
"1"," ..."
"1","
"
"1"," "
"1","$ "
"1","VALORACION_GASTRONO_ALOJ   "
"1",":"
"1"," int  "
"1","4 9 8 7 9 6 8 10 9 10"
"1"," ..."
"1","
"
"1"," "
"1","$ "
"1","VALORACION_CLIMA           "
"1",":"
"1"," int  "
"1","6 7 9 5 6 10 9 10 10 10"
"1"," ..."
"1","
"
"1"," "
"1","$ "
"1","VALORACION_ZONAS_BANYO     "
"1",":"
"1"," int  "
"1","9 6 9 10 9 10 9 7 8 10"
"1"," ..."
"1","
"
"1"," "
"1","$ "
"1","VALORACION_PAISAJES        "
"1",":"
"1"," int  "
"1","8 10 6 7 5 9 10 8 10 10"
"1"," ..."
"1","
"
"1"," "
"1","$ "
"1","VALORACION_MEDIO_AMBIENTE  "
"1",":"
"1"," int  "
"1","8 9 8 8 6 8 8 9 7 10"
"1"," ..."
"1","
"
"1"," "
"1","$ "
"1","VALORACION_TRANQUILIDAD    "
"1",":"
"1"," int  "
"1","8 9 7 9 8 7 8 10 9 10"
"1"," ..."
"1","
"
"1"," "
"1","$ "
"1","VALORACION_LIMPIEZA        "
"1",":"
"1"," int  "
"1","7 9 9 9 4 8 9 10 6 10"
"1"," ..."
"1","
"
"1"," "
"1","$ "
"1","VALORACION_CALIDAD_RESTAUR "
"1",":"
"1"," int  "
"1","6 8 9 7 4 9 6 10 9 10"
"1"," ..."
"1","
"
"1"," "
"1","$ "
"1","VALORACION_OFERTA_GASTR_LOC"
"1",":"
"1"," int  "
"1","6 8 7 7 4 9 5 10 8 10"
"1"," ..."
"1","
"
"1"," "
"1","$ "
"1","VALORACION_TRATO_RESTAUR   "
"1",":"
"1"," int  "
"1","6 8 9 8 5 5 6 10 9 10"
"1"," ..."
"1","
"
"1"," "
"1","$ "
"1","VALORACION_PRECIO_RESTAUR  "
"1",":"
"1"," int  "
"1","6 8 8 6 1 7 5 10 7 10"
"1"," ..."
"1","
"
"1"," "
"1","$ "
"1","ID                         "
"1",":"
"1"," int  "
"1","21290 204601 201965 204940 245322 208128 1605 135030 212428 184984"
"1"," ..."
"1","
"
"1"," "
"1","$ "
"1","AEROPUERTO                 "
"1",":"
"1"," Factor w/ 6 levels ""ACE"",""FUE"",""LPA"",..: "
"1","2 4 3 5 2 1 2 4 3 3"
"1"," ..."
"1","
"
"1"," "
"1","$ "
"1","PAIS_RESID_AGRUP           "
"1",":"
"1"," Factor w/ 4 levels ""Alemania"",""España"",..: "
"1","2 1 3 3 1 3 3 1 2 4"
"1"," ..."
"1","
"
"1"," "
"1","$ "
"1","NOCHES_PERNOCTADAS         "
"1",":"
"1"," int  "
"1","8 7 7 17 14 10 10 21 4 14"
"1"," ..."
"1","
"
"1"," "
"1","$ "
"1","VECES_TOTAL                "
"1",":"
"1"," Factor w/ 12 levels ""0"",""1"",""10"",""2"",..: "
"1","6 12 6 2 12 5 12 4 6 3"
"1"," ..."
"1","
"
"1"," "
"1","$ "
"1","INGRESOS                   "
"1",":"
"1"," Factor w/ 7 levels ""De 12000 a 24000"",..: "
"1","1 4 4 2 6 3 2 2 3 3"
"1"," ..."
"1","
"
"1"," "
"1","$ "
"1","EDAD                       "
"1",":"
"1"," int  "
"1","41 64 50 30 59 30 58 78 51 23"
"1"," ..."
"1","
"
"1"," "
"1","$ "
"1","SEXO                       "
"1",":"
"1"," Factor w/ 2 levels ""Hombre"",""Mujer"": "
"1","2 1 2 1 1 1 1 1 1 1"
"1"," ..."
"1","
"
"1"," "
"1","$ "
"1","IMPRESION                  "
"1",":"
"1"," int  "
"1","3 4 5 3 4 4 4 5 4 5"
"1"," ..."
"1","
"
"1"," "
"1","$ "
"1","ESTANCIA_MAYOR_ISLA_G2     "
"1",":"
"1"," Factor w/ 4 levels ""Gran Canaria"",..: "
"1","3 3 1 4 3 2 3 3 1 1"
"1"," ..."
"1","
"
"1"," "
"1","$ "
"1","AÑO                        "
"1",":"
"1"," int  "
"1","2014 2011 2011 2011 2010 2011 2014 2013 2011 2012"
"1"," ..."
"1","
"
"1"," "
"1","- attr(*, ""na.action"")="
"1"," 'omit' Named int  "
"1","2 3 4 5 8 9 10 11 12 14"
"1"," ..."
"1","
"
"1","  .."
"1","- attr(*, ""names"")="
"1"," chr  "
"1","""2"" ""3"" ""4"" ""5"""
"1"," ..."
"1","
"
"0","str(segundo_150)"
"1","'data.frame':	"
"1","150"
"1"," obs. of  "
"1","24"
"1"," variable"
"1","s"
"1",":"
"1","
"
"1"," "
"1","$ "
"1","VALORACION_ALOJ            "
"1",":"
"1"," int  "
"1","8 9 8 6 10 10 9 10 4 10"
"1"," ..."
"1","
"
"1"," "
"1","$ "
"1","VALORACION_TRATO_ALOJ      "
"1",":"
"1"," int  "
"1","8 9 8 6 10 10 9 10 8 10"
"1"," ..."
"1","
"
"1"," "
"1","$ "
"1","VALORACION_GASTRONO_ALOJ   "
"1",":"
"1"," int  "
"1","8 7 7 6 8 6 10 10 5 10"
"1"," ..."
"1","
"
"1"," "
"1","$ "
"1","VALORACION_CLIMA           "
"1",":"
"1"," int  "
"1","8 9 8 6 9 6 7 10 10 9"
"1"," ..."
"1","
"
"1"," "
"1","$ "
"1","VALORACION_ZONAS_BANYO     "
"1",":"
"1"," int  "
"1","7 8 6 6 8 9 5 1 9 9"
"1"," ..."
"1","
"
"1"," "
"1","$ "
"1","VALORACION_PAISAJES        "
"1",":"
"1"," int  "
"1","7 8 9 6 8 8 10 9 9 10"
"1"," ..."
"1","
"
"1"," "
"1","$ "
"1","VALORACION_MEDIO_AMBIENTE  "
"1",":"
"1"," int  "
"1","8 8 8 6 10 8 10 9 9 9"
"1"," ..."
"1","
"
"1"," "
"1","$ "
"1","VALORACION_TRANQUILIDAD    "
"1",":"
"1"," int  "
"1","8 9 9 6 10 8 10 9 7 10"
"1"," ..."
"1","
"
"1"," "
"1","$ "
"1","VALORACION_LIMPIEZA        "
"1",":"
"1"," int  "
"1","9 9 8 6 10 7 6 9 8 10"
"1"," ..."
"1","
"
"1"," "
"1","$ "
"1","VALORACION_CALIDAD_RESTAUR "
"1",":"
"1"," int  "
"1","6 8 7 5 9 10 7 10 8 10"
"1"," ..."
"1","
"
"1"," "
"1","$ "
"1","VALORACION_OFERTA_GASTR_LOC"
"1",":"
"1"," int  "
"1","6 8 8 5 9 10 10 10 8 8"
"1"," ..."
"1","
"
"1"," "
"1","$ "
"1","VALORACION_TRATO_RESTAUR   "
"1",":"
"1"," int  "
"1","6 8 8 5 9 9 8 10 8 10"
"1"," ..."
"1","
"
"1"," "
"1","$ "
"1","VALORACION_PRECIO_RESTAUR  "
"1",":"
"1"," int  "
"1","6 7 9 5 9 9 8 10 7 9"
"1"," ..."
"1","
"
"1"," "
"1","$ "
"1","ID                         "
"1",":"
"1"," int  "
"1","78074 59779 47211 115062 60270 128811 94282 129896 72223 89770"
"1"," ..."
"1","
"
"1"," "
"1","$ "
"1","AEROPUERTO                 "
"1",":"
"1"," Factor w/ 6 levels ""ACE"",""FUE"",""LPA"",..: "
"1","1 3 6 3 3 6 5 6 3 1"
"1"," ..."
"1","
"
"1"," "
"1","$ "
"1","PAIS_RESID_AGRUP           "
"1",":"
"1"," Factor w/ 4 levels ""Alemania"",""España"",..: "
"1","1 3 1 2 2 4 2 3 1 3"
"1"," ..."
"1","
"
"1"," "
"1","$ "
"1","NOCHES_PERNOCTADAS         "
"1",":"
"1"," int  "
"1","8 8 7 7 3 7 3 6 11 7"
"1"," ..."
"1","
"
"1"," "
"1","$ "
"1","VECES_TOTAL                "
"1",":"
"1"," Factor w/ 12 levels ""0"",""1"",""10"",""2"",..: "
"1","2 5 5 1 1 3 1 2 7 5"
"1"," ..."
"1","
"
"1"," "
"1","$ "
"1","INGRESOS                   "
"1",":"
"1"," Factor w/ 7 levels ""De 12000 a 24000"",..: "
"1","3 4 5 1 1 2 1 7 2 6"
"1"," ..."
"1","
"
"1"," "
"1","$ "
"1","EDAD                       "
"1",":"
"1"," int  "
"1","37 19 33 67 34 50 25 60 47 56"
"1"," ..."
"1","
"
"1"," "
"1","$ "
"1","SEXO                       "
"1",":"
"1"," Factor w/ 2 levels ""Hombre"",""Mujer"": "
"1","2 1 1 2 1 2 2 2 2 2"
"1"," ..."
"1","
"
"1"," "
"1","$ "
"1","IMPRESION                  "
"1",":"
"1"," int  "
"1","4 5 4 4 4 4 4 4 5 5"
"1"," ..."
"1","
"
"1"," "
"1","$ "
"1","ESTANCIA_MAYOR_ISLA_G2     "
"1",":"
"1"," Factor w/ 4 levels ""Gran Canaria"",..: "
"1","2 1 4 1 1 4 3 4 1 2"
"1"," ..."
"1","
"
"1"," "
"1","$ "
"1","AÑO                        "
"1",":"
"1"," int  "
"1","2016 2015 2015 2016 2015 2017 2016 2017 2015 2016"
"1"," ..."
"1","
"
"1"," "
"1","- attr(*, ""na.action"")="
"1"," 'omit' Named int  "
"1","2 3 4 5 8 9 10 11 12 14"
"1"," ..."
"1","
"
"1","  .."
"1","- attr(*, ""names"")="
"1"," chr  "
"1","""2"" ""3"" ""4"" ""5"""
"1"," ..."
"1","
"
"0","str(primer_150_unido)"
"1","'data.frame':	"
"1","150"
"1"," obs. of  "
"1","6"
"1"," variable"
"1","s"
"1",":"
"1","
"
"1"," "
"1","$ "
"1","primer_150.IMPRESION"
"1",":"
"1"," int  "
"1","3 4 5 3 4 4 4 5 4 5"
"1"," ..."
"1","
"
"1"," "
"1","$ "
"1","Alojamiento_general "
"1",":"
"1"," num  "
"1","5.67 8.33 8.33 7 9"
"1"," ..."
"1","
"
"1"," "
"1","$ "
"1","Restaurante_general "
"1",":"
"1"," num  "
"1","6 8 8.25 7 3.5 7.5 5.5 10 8.25 10"
"1"," ..."
"1","
"
"1"," "
"1","$ "
"1","Entorno_general     "
"1",":"
"1"," num  "
"1","7.67 8.33 8 8 6.33"
"1"," ..."
"1","
"
"1"," "
"1","$ "
"1","ingresos            "
"1",":"
"1"," num  "
"1","18000 54001 54001 30000 78001"
"1"," ..."
"1","
"
"1"," "
"1","$ "
"1","primer_150.EDAD     "
"1",":"
"1"," int  "
"1","41 64 50 30 59 30 58 78 51 23"
"1"," ..."
"1","
"
"0","########################Tambien tenemos que estructurar el segundo_150 para los clusteres############################################################"
"0","Alojamiento_general_dos = (segundo_150$VALORACION_ALOJ + "
"0","                         segundo_150$VALORACION_TRATO_ALOJ + "
"0","                         segundo_150$VALORACION_GASTRONO_ALOJ) /3"
"0","Entorno_general_dos = (segundo_150$VALORACION_CLIMA +"
"0","                     segundo_150$VALORACION_ZONAS_BANYO + segundo_150$VALORACION_PAISAJES + "
"0","                     segundo_150$VALORACION_MEDIO_AMBIENTE + segundo_150$VALORACION_TRANQUILIDAD +"
"0","                     segundo_150$VALORACION_LIMPIEZA) / 6"
"0","Restaurante_general_dos = (segundo_150$VALORACION_CALIDAD_RESTAUR + "
"0","                         segundo_150$VALORACION_OFERTA_GASTR_LOC + "
"0","                         segundo_150$VALORACION_TRATO_RESTAUR +"
"0","                         segundo_150$VALORACION_PRECIO_RESTAUR) / 4"
"0","library(""dummies"")"
"0","ingresos = dummy(segundo_150$INGRESOS)"
"0","i1=ingresos[,1]*((12000+24000)/2)"
"0","i2= ingresos[,2]*((24000 + 36000)/2)"
"0","i3=ingresos[,3]*((36001 +48000)/2)"
"0","i4=ingresos[,4]*((48001 + 60000)/2)"
"0","i5=ingresos[,5]*((60001+72000)/2)"
"0","i6=ingresos[,6]*((72001+84000)/2)"
"0","i7=ingresos[,7]*((84000+12000)/2)"
"0","ingresos=(i1+i2+i3+i4+i5+i6+i7)"
"0","head(ingresos)"
"1","[1]"
"1"," 42000.5"
"1"," 54000.5"
"1"," 66000.5"
"1"," 18000.0"
"1"," 18000.0"
"1"," 30000.0"
"1","
"
"0","segundo_150_unido <- data.frame(segundo_150$IMPRESION, Alojamiento_general, Restaurante_general,Entorno_general,"
"0","                                ingresos, segundo_150$EDAD)"
